license,count_listings,closest_commprop_idx,closest_commprop_dist_ft,commercial_props,resi/condo_props,agr/ind/TE_props,n_props_searched,accommodations,geometry,violator_prob_rating,license_num,license_number_official,license_status_active,license_status,license_category,license_active,license_max_bedrooms,license_max_guests,exceeds_max_guests,exceeds_max_rooms,avg_distance_ft,dispersal_factor,centroid_confidence,max_distance_ft,zoom_factor,marker_radius,best_guess_prop_adrs,best_guess_prop_unit_n,best_guess_prop_num_floors,best_guess_prop_own_occ,best_guess_prop_lu
STR-419049,4.0,130218.0,124.0,7.0,39.0,4.0,50.0,23,POINT (42.344175 -71.08654750000001),98.0,419049,True,True,Inactive,Home Share Unit,False,5,10,1.0,0.0,12710.204109049433,5.450239096836222,0.0,19203.903359193075,5.862920908702417,6.437751649736401,"189 277 Massachusetts Av, Fenway",538,11.0,0,Mixed use (Residential and Commercial)
STR-415643,2.0,171141.0,265.0,25.0,10.0,15.0,50.0,12,POINT (42.329995 -71.08403000000001),97.0,415643,True,True,Inactive,STRES,False,5,10,1.0,0.0,7231.1903575989345,4.886297223296255,6.0,7231.19975252523,4.886298522338416,4.394449154672439,"2261 - 227 Washington St, Roxbury",2,1.0,0,Commercial
STR-414596,6.0,147566.0,112.0,4.0,41.0,5.0,50.0,29,POINT (42.34437666666667 -71.09645166666667),96.0,414596,False,False,not found,not found,False,5,10,1.0,1.0,4098.595499391801,4.318643589140384,12.0,11880.398233827507,5.38272928244108,7.783640596221253,"1270 A1270 Boylston St, Fenway",2,2.0,0,Commercial
STR-415647,2.0,171141.0,188.0,16.0,22.0,12.0,50.0,10,POINT (42.33029 -71.08445),91.0,415647,True,True,Inactive,STRES,False,5,10,0.0,0.0,7130.769424549988,4.872314648756262,6.0,7130.776296811794,4.872315612368249,4.394449154672439,"2261 - 227 Washington St, Roxbury",2,1.0,0,Commercial
STR-416814,6.0,46704.0,356.0,1.0,49.0,0.0,50.0,22,POINT (42.28249 -71.06583000000001),91.0,416814,True,True,Void,Owner-Adjacent Unit,False,5,10,1.0,1.0,356.44805664700897,1.8789900554852803,38.0,400.261842963072,1.9946141891814264,7.783640596221253,"16 Fuller St, Dorchester",6,3.0,0,Mixed use (Residential and Commercial)
STR-415645,2.0,171141.0,72.0,14.0,24.0,12.0,50.0,16,POINT (42.33058 -71.08388500000001),91.0,415645,True,True,Inactive,STRES,False,5,10,1.0,0.0,7019.801967197318,4.856632730836424,6.0,7019.811299562533,4.856634060080442,4.394449154672439,"2261 - 227 Washington St, Roxbury",2,1.0,0,Commercial
STR-415897,2.0,135364.0,210.0,3.0,97.0,0.0,100.0,8,POINT (42.35231 -71.06994500000002),90.0,415897,True,True,Void,Limited Share Unit,False,3,6,1.0,0.0,1482.967514625661,3.3024745330737524,23.0,1482.9684545849047,3.302475166483134,4.394449154672439,"300 Boylston St, Downtown",106,,0,Commercial
STR-416811,4.0,40871.0,321.0,4.0,96.0,0.0,100.0,14,POINT (42.282355 -71.0657975),90.0,416811,True,True,Inactive,Limited Share Unit,False,3,6,1.0,1.0,354.98832002109134,1.874897921384287,38.0,466.791272056929,2.1480221965517625,6.437751649736401,"1996 1998 Dorchester Av, Dorchester",4,2.5,0,Mixed use (Residential and Commercial)
STR-413530,2.0,67707.0,2339.0,1.0,487.0,12.0,500.0,8,POINT (42.31332999999999 -71.12771499999999),90.0,413530,True,True,Void,Limited Share Unit,False,3,6,1.0,0.0,80.46005580833067,0.4001127873210715,53.0,80.46005635945708,0.40011279408667466,4.394449154672439,"414 420 Pond St, Jamaica Plain",39,,0,Commercial
STR-414742,6.0,3099.0,397.0,3.0,97.0,0.0,100.0,12,POINT (42.32389833333334 -71.10639999999999),90.0,414742,True,True,Inactive,Home Share Unit,False,5,10,1.0,1.0,261.38864892169414,1.5698267974516824,41.0,400.3753084046475,1.9948969207797287,7.783640596221253,"345 345r Centre St, Jamaica Plain",6,2.5,0,Mixed use (Residential and Commercial)
STR-410133,4.0,64573.0,181.0,3.0,47.0,0.0,50.0,9,POINT (42.31585 -71.11288500000001),89.0,410133,True,True,Active,Limited Share Unit,True,3,6,1.0,1.0,2170.131867558342,3.68300390850273,19.0,2449.4957163296795,3.8040456162679597,6.437751649736401,"37 Robinwood Av, Jamaica Plain",1,2.5,0,Commercial
STR-413525,13.0,34113.0,353.0,1.0,47.0,2.0,50.0,85,POINT (42.30928923076924 -71.06183615384614),89.0,413525,True,True,Active,Owner-Adjacent Unit,True,5,10,1.0,1.0,800.2633248040888,2.6861896381173063,29.0,4948.87680807191,4.5071179679948425,10.556229318461034,"411 Bowdoin St, Dorchester",1,1.0,0,Commercial
STR-392773,10.0,110719.0,235.0,1.0,296.0,3.0,300.0,20,POINT (42.36008500000001 -71.064301),88.0,392773,False,False,not found,not found,False,5,10,1.0,1.0,318.3081839363258,1.766156730260814,39.0,554.2294493020772,2.319381450476942,9.591581091193483,"67 A67 Joy St, Beacon Hill",11,4.0,0,Mixed use (Residential and Commercial)
str-238097,6.0,20519.0,316.0,2.0,80.0,18.0,100.0,12,POINT (42.31686666666666 -71.09009333333334),87.0,238097,False,False,not found,not found,False,5,10,1.0,1.0,197.6038080875292,1.2913119260875083,44.0,376.4198361966448,1.9333581916927072,7.783640596221253,"58 Holworthy St, Roxbury",9,4.0,0,Mixed use (Residential and Commercial)
STR-415972,3.0,11975.0,510.0,5.0,38.0,7.0,50.0,6,POINT (42.37480333333333 -71.02983999999999),86.0,415972,True,True,Active,Limited Share Unit,True,3,6,0.0,0.0,2301.8846357284915,3.7419178055258184,18.0,3421.7010015746723,4.13818528489746,5.545177444479562,"282 Bremen St, East Boston",1,1.0,0,Commercial
STR-413572,6.0,32028.0,671.0,1.0,344.0,5.0,350.0,35,POINT (42.30288666666667 -71.06400499999999),86.0,413572,True,True,Active,Owner-Adjacent Unit,True,5,10,1.0,1.0,233.28657831131548,1.4565450596702822,42.0,330.824519569992,1.8046062736697106,7.783640596221253,"105 Homes Av, Dorchester",1,1.0,0,Commercial
"STR-398933
C0118200351",2.0,105894.0,950.0,2.0,294.0,4.0,300.0,4,POINT (42.35556 -71.159325),86.0,3989330118200351,False,False,not found,not found,False,5,10,0.0,0.0,288.92484057629224,1.6696217189634828,40.0,288.92538643705666,1.6696236017281656,4.394449154672439,"270 Parsons St, Brighton",3,2.0,0,Commercial
STR-398050,3.0,75325.0,835.0,1.0,196.0,3.0,200.0,4,POINT (42.27256333333334 -71.15012),86.0,398050,True,True,Inactive,Owner-Adjacent Unit,False,5,10,0.0,0.0,303.77271067628584,1.719566287902322,39.0,415.8489373853314,2.032723895699796,5.545177444479562,"Heron St, West Roxbury",11,1.0,0,Commercial
STR-420874,3.0,46169.0,1121.0,1.0,285.0,14.0,300.0,11,POINT (42.27112333333334 -71.07859666666667),86.0,420874,True,True,Active,Limited Share Unit,True,3,6,1.0,0.0,290.6305002754444,1.6754875909453668,40.0,434.527216527751,2.07655728923708,5.545177444479562,"84 100 River St, Dorchester",4,2.0,0,Commercial
STR-416483,6.0,26953.0,366.0,1.0,78.0,21.0,100.0,36,POINT (42.29789666666667 -71.07811),85.0,416483,True,True,Active,Owner-Adjacent Unit,True,5,10,1.0,1.0,364.397648764764,1.9009862092345449,38.0,488.7926377065109,2.1939821131811508,7.783640596221253,"105 Norwell St, Dorchester",3,1.0,0,Commercial
STR-415974,5.0,46145.0,872.0,1.0,287.0,12.0,300.0,11,POINT (42.275198 -71.07725000000001),85.0,415974,True,True,Active,Limited Share Unit,True,3,6,1.0,1.0,131.7688712246567,0.888609806136766,48.0,283.209260633857,1.6497108000506913,7.16703787691222,"59 63 Sanford St, Dorchester",2,1.0,0,Commercial
STR-415918,4.0,30348.0,335.0,5.0,95.0,0.0,100.0,16,POINT (42.2804075 -71.09456999999999),84.0,415918,True,True,Active,Limited Share Unit,True,3,6,1.0,1.0,423.5039966129191,2.050921420578505,36.0,572.3798230450888,2.3515483645585897,6.437751649736401,"27 Ormond St, Mattapan",4,2.0,0,Mixed use (Residential and Commercial)
STR-416001,5.0,11292.0,224.0,3.0,46.0,1.0,50.0,9,POINT (42.374208 -71.035112),84.0,416001,True,True,Void,Home Share Unit,False,5,10,0.0,0.0,1084.05914687816,2.989389777740527,26.0,1753.8397820954924,3.4701328394792945,7.16703787691222,"144 Chelsea St, East Boston",7,3.0,0,Mixed use (Residential and Commercial)
STR-416194,2.0,32951.0,364.0,1.0,95.0,4.0,100.0,4,POINT (42.30674999999999 -71.06952000000001),83.0,416194,True,True,Void,Home Share Unit,False,5,10,0.0,0.0,551.5547241835566,2.3145524767829793,33.0,551.5569711071976,2.314556543202058,4.394449154672439,"93 Barry St, Dorchester",1,1.0,0,Commercial
Str-409169,4.0,32646.0,410.0,2.0,84.0,14.0,100.0,20,POINT (42.30912 -71.06587999999999),83.0,409169,True,True,Inactive,Owner-Adjacent Unit,False,5,10,1.0,0.0,179.87708622555698,1.1978177189587011,45.0,304.36002175234995,1.7214914796720713,6.437751649736401,"491 R Quincy St, Dorchester",1,,0,Commercial
STR-396424,4.0,71659.0,369.0,3.0,96.0,1.0,100.0,10,POINT (42.285615 -71.135785),82.0,396424,True,True,Active,Limited Share Unit,True,3,6,1.0,1.0,265.83489371546915,1.5866300915297096,41.0,422.71349890382453,2.049057516704485,6.437751649736401,"119 Belgrade Av, Roslindale",1,2.0,0,Commercial
STR-416718,4.0,59750.0,718.0,1.0,197.0,2.0,200.0,5,POINT (42.25228 -71.11515249999999),82.0,416718,False,False,not found,not found,False,5,10,0.0,0.0,198.8950265099988,1.297792361306894,44.0,298.1079901076917,1.7008046791129017,6.437751649736401,"172 Fairmount Av, Hyde Park",1,2.0,0,Commercial
STR-413706,10.0,35378.0,287.0,5.0,39.0,6.0,50.0,40,POINT (42.300002 -71.061767),82.0,413706,True,True,Active,Owner-Adjacent Unit,True,5,10,1.0,1.0,337.73510657734136,1.8252184054040388,38.0,584.6394939590983,2.3727044022430457,9.591581091193483,"1483 Dorchester Av, Dorchester",2,,0,Commercial
STR-413877,2.0,32649.0,472.0,5.0,142.0,3.0,150.0,5,POINT (42.306585 -71.065005),82.0,413877,False,False,not found,not found,False,5,10,0.0,0.0,336.8390151676049,1.8225694955362064,38.0,336.8397217237582,1.8225715869329449,4.394449154672439,"296 300 Bowdoin St, Dorchester",5,3.5,0,Mixed use (Residential and Commercial)
Str-413813,2.0,21460.0,761.0,1.0,206.0,43.0,250.0,4,POINT (42.317075 -71.07449999999999),82.0,413813,True,True,Void,Home Share Unit,False,5,10,0.0,0.0,174.2536493282638,1.166234349254319,45.0,174.25378578678513,1.1662351278884229,4.394449154672439,"153 155a Howard Av, Roxbury",4,2.0,0,Mixed use (Residential and Commercial)
STR-410426,5.0,126804.0,196.0,1.0,148.0,1.0,150.0,6,POINT (42.34585800000001 -71.07423200000001),81.0,410426,True,True,Void,Limited Share Unit,False,3,6,0.0,1.0,317.38821191499244,1.7632714304048154,39.0,445.0782032367874,2.100494280229416,7.16703787691222,"304 304a Columbus Av, South End",4,4.0,0,Mixed use (Residential and Commercial)
STR-414710,5.0,171525.0,121.0,2.0,37.0,11.0,50.0,10,POINT (42.329262 -71.09277599999999),81.0,414710,True,True,Void,Limited Share Unit,False,3,6,1.0,1.0,206.49633239005533,1.3351136642858954,44.0,384.89630790607566,1.955568701009014,7.16703787691222,"22 Centre St, Roxbury",1,1.0,0,Commercial
STR-420570,8.0,92716.0,235.0,6.0,24.0,20.0,50.0,24,POINT (42.37072375 -71.06086499999999),81.0,420570,True,True,Active,STRBB,True,5,10,1.0,1.0,342.0149360893931,1.8377739916679898,38.0,510.66384549516147,2.2376678576477493,8.788898309344878,"Chelsea St, Charlestown",6,4.0,0,Commercial
STR-416108,3.0,23402.0,371.0,3.0,93.0,4.0,100.0,6,POINT (42.31048666666667 -71.05269),80.0,416108,True,True,Inactive,STRBB,False,5,10,0.0,0.0,325.3857128942262,1.7880798503617994,39.0,442.37370953630153,2.0944130025427254,5.545177444479562,"117 -119 Savin Hill Av, Dorchester",2,1.0,0,Commercial
STR-396782,3.0,25198.0,921.0,1.0,196.0,3.0,200.0,9,POINT (42.30926 -71.04695333333332),80.0,396782,True,True,Active,Limited Share Unit,True,3,6,1.0,0.0,147.7802311235357,1.002470258220355,47.0,221.6701382616503,1.405691475742433,5.545177444479562,"400 Wm T Morrissey Bl, Dorchester",2,2.0,0,Commercial
STR-415377,3.0,25198.0,1071.0,1.0,345.0,4.0,350.0,5,POINT (42.30940333333334 -71.04753666666666),80.0,415377,True,True,Active,Limited Share Unit,True,3,6,0.0,0.0,313.48724895841434,1.7509435314661523,39.0,466.67812834115557,2.1477802993474775,5.545177444479562,"400 Wm T Morrissey Bl, Dorchester",2,2.0,0,Commercial
STR-415018,8.0,18106.0,217.0,3.0,43.0,4.0,50.0,15,POINT (42.32111999999999 -71.07917375),80.0,415018,True,True,Active,Home Share Unit,True,5,10,1.0,1.0,328.45055729730075,1.7974262889574293,39.0,439.8748902788517,2.0887611396848538,8.788898309344878,"26 Irwin Av, Roxbury",7,3.0,0,Mixed use (Residential and Commercial)
STR-403983,2.0,77749.0,314.0,1.0,98.0,1.0,100.0,20,POINT (42.289925 -71.14075),80.0,403983,True,True,Active,Owner-Adjacent Unit,True,5,10,1.0,0.0,524.1571387044328,2.2636975296247446,34.0,524.1589857160488,2.2637010466832246,4.394449154672439,"62 Ainsworth St, Roslindale",3,,1,Mixed use (Residential and Commercial)
STR-416179,3.0,20181.0,554.0,2.0,90.0,8.0,100.0,6,POINT (42.31672 -71.09320000000001),80.0,416179,True,True,Void,Owner-Adjacent Unit,False,5,10,0.0,0.0,194.4028421540878,1.2750632848155297,44.0,280.00246474445277,1.6383634406278498,5.545177444479562,"134 140 Crawford St, Roxbury",18,3.0,0,Mixed use (Residential and Commercial)
STR-393730,3.0,88016.0,470.0,3.0,95.0,2.0,100.0,7,POINT (42.25703666666666 -71.15915333333332),80.0,393730,True,True,Active,Limited Share Unit,True,3,6,1.0,0.0,320.1684687207692,1.7719658101330067,39.0,426.8105454657954,2.0586804468021676,5.545177444479562,"46 Rockland St, West Roxbury",1,1.0,0,Commercial
STR-413453,2.0,66272.0,1107.0,1.0,541.0,8.0,550.0,5,POINT (42.31229 -71.11819),79.0,413453,True,True,Active,Limited Share Unit,True,3,6,0.0,0.0,274.42549558386025,1.6183171585668363,41.0,332.8247064650504,1.8106160242617717,4.394449154672439,"793 Centre St, Jamaica Plain",1,2.0,0,Commercial
STR-399362,4.0,1279.0,189.0,1.0,48.0,1.0,50.0,8,POINT (42.3796025 -71.03061),79.0,399362,True,True,Active,Limited Share Unit,True,3,6,1.0,1.0,341.81226885049165,1.83718297619546,38.0,493.96088376415264,2.204478736747551,6.437751649736401,"257 259 Princeton St, East Boston",8,3.0,0,Mixed use (Residential and Commercial)
LB-101724,11.0,135328.0,127.0,4.0,45.0,1.0,50.0,17,POINT (42.34907363636363 -71.07015636363639),79.0,101724,False,False,not found,not found,False,5,10,1.0,1.0,150.16225082044187,1.0183537686882502,47.0,263.03939612545844,1.576098319760912,9.939626599152001,"131 Arlington St, Bay Village",2,2.0,0,Commercial
STR-397966,5.0,50850.0,555.0,1.0,136.0,13.0,150.0,14,POINT (42.27949 -71.09862),79.0,397966,True,True,Active,Home Share Unit,True,5,10,1.0,0.0,217.9386498649299,1.3887915529675734,43.0,311.22484549148885,1.7437235868863112,7.16703787691222,"609 Walk Hill St, Mattapan",1,1.0,0,Commercial
STR-422124,6.0,165698.0,194.0,3.0,36.0,11.0,50.0,14,POINT (42.32620833333333 -71.07336000000001),79.0,422124,True,True,Active,Limited Share Unit,True,3,6,1.0,1.0,318.95458749989615,1.7681790716601942,39.0,446.30220168330743,2.103234432589236,7.783640596221253,"Howard St, Roxbury",2,1.0,0,Commercial
STR-409246,2.0,65897.0,1082.0,1.0,349.0,0.0,350.0,10,POINT (42.31193 -71.12220500000001),78.0,409246,True,True,Active,Home Share Unit,True,5,10,0.0,0.0,242.1143005187592,1.4935317052552612,42.0,242.11455675572267,1.4935327592320444,4.394449154672439,"891 Centre St, Jamaica Plain",1,2.0,0,Commercial
STR-238068,2.0,20519.0,406.0,1.0,86.0,13.0,100.0,4,POINT (42.31668 -71.09072999999998),78.0,238068,False,False,not found,not found,False,5,10,0.0,0.0,219.85222669446586,1.3974938203755247,43.0,219.8526078655765,1.397495546284235,4.394449154672439,"58 Holworthy St, Roxbury",9,4.0,0,Mixed use (Residential and Commercial)
STR-415003,3.0,167264.0,145.0,1.0,99.0,0.0,100.0,14,POINT (42.33629333333334 -71.07592666666666),78.0,415003,True,True,Void,STRES,False,5,10,1.0,0.0,280.8522659418619,1.6413830540264431,40.0,402.6603077653602,2.0005737019087837,5.545177444479562,"1734 1736 Washington St, South End",2,5.0,0,Mixed use (Residential and Commercial)
STR-415415,2.0,109174.0,478.0,1.0,194.0,5.0,200.0,5,POINT (42.342705 -71.155925),78.0,415415,True,True,Active,Limited Share Unit,True,3,6,0.0,0.0,624.9903864096224,2.439335013809049,32.0,624.9924057654358,2.439338239661394,4.394449154672439,"167 183 Chestnut Hill Av, Brighton",5,1.0,0,Commercial
STR-415697,22.0,2749.0,189.0,6.0,41.0,3.0,50.0,96,POINT (42.32546409090909 -71.10443272727274),78.0,415697,True,True,Active,Home Share Unit,True,5,10,1.0,1.0,263.7693814502154,1.5788591884128653,41.0,365.34310609130017,1.9035703426079795,12.541976863716599,"178 Heath St, Jamaica Plain",2,2.5,1,Mixed use (Residential and Commercial)
STR-410888,6.0,165478.0,126.0,9.0,31.0,10.0,50.0,11,POINT (42.32582499999999 -71.07123333333332),78.0,410888,True,True,Active,Owner-Adjacent Unit,True,5,10,1.0,1.0,549.9270410805357,2.311602388553635,33.0,681.945062247489,2.5264144203876064,7.783640596221253,"Cedric St, Roxbury",1,,0,Commercial
STR-383505,3.0,25198.0,1049.0,1.0,296.0,3.0,300.0,7,POINT (42.30934333333334 -71.04744666666666),78.0,383505,True,True,Active,Owner-Adjacent Unit,True,5,10,0.0,0.0,239.22451602028787,1.4815739694679433,42.0,358.83479438597413,1.8856450216378633,5.545177444479562,"400 Wm T Morrissey Bl, Dorchester",2,2.0,0,Commercial
STR-390863,2.0,102400.0,1001.0,4.0,340.0,6.0,350.0,3,POINT (42.34428 -71.1511),78.0,390863,True,True,Active,Limited Share Unit,True,3,6,0.0,0.0,250.49490607404613,1.5274227351559322,42.0,250.49512436236614,1.5274236031187423,4.394449154672439,"1755 Commonwealth Av, Brighton",2,2.0,0,Mixed use (Residential and Commercial)
STR-416165,2.0,32951.0,344.0,1.0,94.0,5.0,100.0,8,POINT (42.306695 -71.06972500000001),78.0,416165,True,True,Inactive,Owner-Adjacent Unit,False,5,10,0.0,0.0,249.4483598772619,1.5232527510788962,42.0,249.44852505049192,1.5232534105888078,4.394449154672439,"93 Barry St, Dorchester",1,1.0,0,Commercial
LB-101723,19.0,134405.0,42.0,11.0,36.0,3.0,50.0,38,POINT (42.34959631578948 -71.06962578947369),78.0,101723,False,False,not found,not found,False,5,10,1.0,1.0,480.3142014260501,2.176520282264887,35.0,2914.3609805675496,3.9777489266467834,11.982929094215963,"108 Arlington St, Bay Village",4,5.0,0,Commercial
STR-399339,2.0,155651.0,202.0,3.0,96.0,1.0,100.0,4,POINT (42.3373 -71.03889000000001),77.0,399339,True,True,Void,Limited Share Unit,False,3,6,0.0,0.0,426.79412109260534,2.0586420543673576,36.0,426.79534702018765,2.058644920058505,4.394449154672439,"519 E First St, South Boston",1,,0,Commercial condominium
STR-389081,5.0,146863.0,325.0,2.0,13.0,35.0,50.0,8,POINT (42.350378 -71.098916),77.0,389081,True,True,Active,Home Share Unit,True,5,10,0.0,0.0,797.3346240082902,2.682527837887445,29.0,1250.0878778539213,3.131768754086038,7.16703787691222,"585 Commonwealth Av, Fenway",9,,0,Commercial
STR-414833,3.0,21095.0,749.0,2.0,268.0,80.0,350.0,18,POINT (42.32 -71.07489666666667),77.0,414833,True,True,Active,Home Share Unit,True,5,10,1.0,0.0,114.33835243971969,0.7478700037061881,50.0,153.18639614586405,1.0381622350964674,5.545177444479562,"174 178a Blue Hill Av, Roxbury",3,1.0,0,Commercial
STR-415193,4.0,44887.0,649.0,1.0,148.0,1.0,150.0,9,POINT (42.27979 -71.07174500000001),77.0,415193,True,True,Active,Owner-Adjacent Unit,True,5,10,0.0,0.0,336.3183365487838,1.8210271033198708,38.0,429.03120025885534,2.0638577647968743,6.437751649736401,"859 863 Washington St, Dorchester",3,1.0,0,Commercial
STR-395992,5.0,48430.0,700.0,1.0,99.0,0.0,100.0,10,POINT (42.27802000000001 -71.086324),77.0,395992,True,True,Active,Owner-Adjacent Unit,True,5,10,0.0,0.0,290.48094958907865,1.6749746506157628,40.0,604.7912591277739,2.4065354698455534,7.16703787691222,"875 Morton St, Mattapan",165,1.0,0,Commercial
STR-408484,2.0,79263.0,1171.0,1.0,472.0,27.0,500.0,4,POINT (42.291005 -71.13079000000002),76.0,408484,True,True,Active,Limited Share Unit,True,3,6,0.0,0.0,153.658793520699,1.041221358301497,47.0,153.65891312488924,1.0412221316435186,4.394449154672439,"814 South St, Roslindale",1,2.0,0,Commercial
STR-393321,2.0,14769.0,637.0,1.0,231.0,18.0,250.0,3,POINT (42.31303 -71.107195),76.0,393321,True,True,Active,Home Share Unit,True,5,10,0.0,0.0,305.464874689036,1.725103147468202,39.0,305.46562617219604,1.7251055995672866,4.394449154672439,"384 Amory St, Jamaica Plain",1,2.0,0,Commercial
STR-400241,3.0,171527.0,249.0,2.0,38.0,10.0,50.0,8,POINT (42.32892 -71.09235),76.0,400241,True,True,Active,Limited Share Unit,True,3,6,1.0,0.0,367.4558258026197,1.9093208287384869,37.0,496.2489199458115,2.209090745677045,5.545177444479562,"16 R18 Centre St, Roxbury",12,3.0,0,Mixed use (Residential and Commercial)
STR-390690,34.0,121522.0,52.0,17.0,30.0,3.0,50.0,123,POINT (42.35535764705882 -71.06156205882351),76.0,390690,False,False,not found,not found,False,5,10,1.0,1.0,262.34237521787566,1.573454992473895,41.0,529.2061600846259,2.2732659122043044,14.221392245957654,"52 58 Temple Pl, Downtown",1,,0,Commercial condominium
STR-383172,2.0,37801.0,431.0,4.0,142.0,4.0,150.0,4,POINT (42.290995 -71.04906500000001),75.0,383172,True,True,Active,Owner-Adjacent Unit,True,5,10,0.0,0.0,454.63251882353075,2.1216866048457597,35.0,454.6335264613929,2.1216888163576835,4.394449154672439,"572 Freeport St, Dorchester",1,,0,Commercial condominium
STR-416670,4.0,22267.0,228.0,2.0,47.0,1.0,50.0,11,POINT (42.315265 -71.06014500000001),74.0,416670,True,True,Active,Owner-Adjacent Unit,True,5,10,1.0,0.0,320.63828634760586,1.773427579807298,39.0,376.70939757127877,1.9341251104554251,6.437751649736401,"149 157 Stoughton St, Dorchester",6,1.0,0,Commercial
STR-413138,3.0,23402.0,677.0,1.0,194.0,5.0,200.0,6,POINT (42.30978 -71.05208333333333),74.0,413138,True,True,Active,Owner-Adjacent Unit,True,5,10,0.0,0.0,221.94028294969678,1.4069039461348751,43.0,326.3906483065785,1.7911541010183338,5.545177444479562,"117 -119 Savin Hill Av, Dorchester",2,1.0,0,Commercial
STR-415994,2.0,108346.0,662.0,1.0,196.0,3.0,200.0,6,POINT (42.34724000000001 -71.16646500000002),74.0,415994,True,True,Active,Limited Share Unit,True,3,6,0.0,0.0,218.76590550278826,1.3925629139359161,43.0,218.7659159833768,1.392562961625699,4.394449154672439,"200 206 Lake St, Brighton",4,4.0,0,Mixed use (Residential and Commercial)
STR-408019,2.0,25089.0,580.0,2.0,143.0,5.0,150.0,4,POINT (42.314875 -71.0523),74.0,408019,True,True,Active,Limited Share Unit,True,3,6,0.0,0.0,254.38680446434546,1.5427792761099992,41.0,254.3870837015351,1.5427803694986633,4.394449154672439,"875 Columbia Rd, Dorchester",2,,0,Commercial
STR404257,3.0,117471.0,151.0,3.0,145.0,2.0,150.0,10,POINT (42.36613333333333 -71.05207),74.0,404257,True,True,Inactive,Home Share Unit,False,5,10,0.0,0.0,343.5968874561701,1.8423752917145872,38.0,487.1869999177152,2.190698529004794,5.545177444479562,"380 Commercial St, North End",1,,0,Commercial condominium
STR-415696,3.0,24255.0,621.0,2.0,293.0,5.0,300.0,9,POINT (42.31384000000001 -71.05364333333331),74.0,415696,True,True,Active,Owner-Adjacent Unit,True,5,10,0.0,0.0,224.2603973263891,1.417257054474823,43.0,302.0527075491654,1.7139067426888976,5.545177444479562,"2 Saxton St, Dorchester",6,3.0,0,Mixed use (Residential and Commercial)
str-418154,3.0,27045.0,538.0,1.0,146.0,3.0,150.0,8,POINT (42.29891 -71.08145666666665),74.0,418154,True,True,Active,Home Share Unit,True,5,10,0.0,0.0,263.7975422166589,1.5789655423606348,41.0,337.7279656231493,1.8251973239473944,5.545177444479562,"80 90 Glenway St, Mattapan",4,1.0,0,Commercial
STR-414697,2.0,1208.0,174.0,3.0,47.0,0.0,50.0,2,POINT (42.332665 -71.10916499999999),73.0,414697,True,True,Inactive,Limited Share Unit,False,3,6,0.0,0.0,293.6223120550426,1.6856942379394724,40.0,293.6223294898748,1.6856942971163607,4.394449154672439,"820 824 Huntington Av, Mission Hill",6,3.0,0,Mixed use (Residential and Commercial)
STR-414325,2.0,41683.0,197.0,2.0,37.0,11.0,50.0,10,POINT (42.29862 -71.072155),73.0,414325,True,True,Void,Owner-Adjacent Unit,False,5,10,0.0,0.0,242.21651878065313,1.4939520704031928,42.0,242.21700457028797,1.4939540677558067,4.394449154672439,"374 378 Washington St, Dorchester",14,4.0,0,Mixed use (Residential and Commercial)
STR-415977,6.0,33655.0,99.0,3.0,47.0,0.0,50.0,43,POINT (42.31299000000001 -71.06556166666665),73.0,415977,True,True,Active,Owner-Adjacent Unit,True,5,10,1.0,1.0,296.8859517745337,1.6967107010864186,40.0,479.6054008325521,2.1750465609266003,7.783640596221253,"Hancock St, Dorchester",4,,0,Commercial
STR-413137,3.0,23402.0,590.0,1.0,96.0,3.0,100.0,6,POINT (42.30975333333333 -71.05295666666666),73.0,413137,True,True,Active,Limited Share Unit,True,3,6,0.0,0.0,216.36607223365726,1.3815829010255314,43.0,272.239053003833,1.610347064054074,5.545177444479562,"117 -119 Savin Hill Av, Dorchester",2,1.0,0,Commercial
STR-401050,5.0,6689.0,143.0,1.0,49.0,0.0,50.0,13,POINT (42.379742 -71.03581200000001),73.0,401050,True,True,Active,Owner-Adjacent Unit,True,5,10,1.0,0.0,435.387920657092,2.07853157405496,36.0,734.7369747906961,2.6008726836482747,7.16703787691222,"106 104 Trenton St, East Boston",1,1.0,0,Commercial
STR-415841,3.0,12612.0,521.0,6.0,200.0,44.0,250.0,6,POINT (42.32275 -71.09408999999999),73.0,415841,True,True,Active,Limited Share Unit,True,3,6,0.0,0.0,249.96292433566472,1.525305216411219,42.0,323.6958827292287,1.7828889987981276,5.545177444479562,"9 Valentine St, Roxbury",8,3.0,0,Mixed use (Residential and Commercial)
STR-418861,4.0,104093.0,175.0,2.0,48.0,0.0,50.0,10,POINT (42.35939750000001 -71.13218000000001),73.0,418861,True,True,Active,Limited Share Unit,True,3,6,1.0,1.0,143.75731943905973,0.975058681247635,47.0,191.78300005461392,1.2615652042982983,6.437751649736401,"113 103 Franklin St, Allston",8,1.0,0,Mixed use (Residential and Commercial)
Str-414419,4.0,23021.0,123.0,6.0,41.0,3.0,50.0,14,POINT (42.3183875 -71.05741),73.0,414419,True,True,Active,Owner-Adjacent Unit,True,5,10,1.0,0.0,548.9531560014974,2.3098331036929007,33.0,1097.1216507372528,3.0013564089535603,6.437751649736401,"959 A951 Dorchester Av, Dorchester",3,1.0,0,Commercial
STR-384761,2.0,47025.0,336.0,1.0,96.0,3.0,100.0,4,POINT (42.283615 -71.07013999999998),73.0,384761,True,True,Active,Home Share Unit,True,5,10,0.0,0.0,394.914437808259,1.9811981217680685,37.0,394.9156063176626,1.9812010731827376,4.394449154672439,"790 A798 Washington St, Dorchester",6,1.0,0,Commercial
str-414293,2.0,21254.0,574.0,1.0,175.0,24.0,200.0,4,POINT (42.315805 -71.073425),72.0,414293,True,True,Active,Limited Share Unit,True,3,6,0.0,0.0,206.02791239115516,1.3328536266442894,44.0,206.0279355484664,1.332853738500269,4.394449154672439,"164 -170 Howard Av, Roxbury",1,2.0,0,Mixed use (Residential and Commercial)
STR-414138,2.0,13594.0,364.0,1.0,146.0,3.0,150.0,2,POINT (42.31534500000001 -71.10107500000001),72.0,414138,True,True,Active,Limited Share Unit,True,3,6,0.0,0.0,332.13617080956107,1.8085513277449277,39.0,332.13617805036097,1.808551349480183,4.394449154672439,"100 School St, Jamaica Plain",1,1.0,0,Commercial
STR-414615,2.0,107136.0,974.0,1.0,248.0,1.0,250.0,10,POINT (42.348535 -71.17163500000001),72.0,414615,True,True,Inactive,Home Share Unit,False,5,10,0.0,0.0,28.443260951112915,-0.6175349462709483,64.0,28.4432620755674,0.0,4.394449154672439,"106 Tremont St, Brighton",57,3.0,0,Mixed use (Residential and Commercial)
STR-398049,3.0,36285.0,378.0,2.0,97.0,1.0,100.0,9,POINT (42.28865666666667 -71.06818666666668),72.0,398049,True,True,Active,Owner-Adjacent Unit,True,5,10,0.0,0.0,310.3507198636667,1.740919993387947,39.0,465.08219944791546,2.1443620122351676,5.545177444479562,"450 Talbot Av, Dorchester",5,1.0,0,Commercial
STR-415234,2.0,12157.0,393.0,1.0,148.0,1.0,150.0,9,POINT (42.379345 -71.03116000000001),72.0,415234,True,True,Active,Owner-Adjacent Unit,True,5,10,0.0,0.0,285.1381220921968,1.65647463861806,40.0,285.13872635068856,1.656476750387891,4.394449154672439,"300 302 Saratoga St, East Boston",6,3.0,0,Mixed use (Residential and Commercial)
STR-416301,2.0,63783.0,501.0,1.0,148.0,1.0,150.0,4,POINT (42.31279 -71.108575),72.0,416301,True,True,Active,Limited Share Unit,True,3,6,0.0,0.0,213.028105232296,1.366107339259643,43.0,213.02841311800333,1.3661087777879404,4.394449154672439,"92 A98 Green St, Jamaica Plain",3,2.0,0,Commercial
STR-415069,2.0,64274.0,684.0,7.0,487.0,6.0,500.0,5,POINT (42.317795 -71.10978499999999),72.0,415069,True,True,Active,Home Share Unit,True,5,10,0.0,0.0,148.51962875233295,1.0074276802144029,47.0,148.51969221526497,1.0074281046598017,4.394449154672439,"470 Centre St, Jamaica Plain",3,2.0,0,Mixed use (Residential and Commercial)
STR-400257,4.0,798.0,234.0,6.0,38.0,6.0,50.0,16,POINT (42.3318275 -71.1017425),72.0,400257,True,True,Active,Home Share Unit,True,5,10,1.0,0.0,220.25646483078398,1.3993225030353207,43.0,326.53234853665276,1.7915868243551794,6.437751649736401,"Pontiac St, Mission Hill",21,,0,Mixed use (Residential and Commercial)
STR-403450,2.0,160308.0,385.0,1.0,249.0,0.0,250.0,4,POINT (42.333105 -71.04792499999999),71.0,403450,True,True,Active,Limited Share Unit,True,3,6,0.0,0.0,279.97716568370095,1.6382734051198025,40.0,279.9776849536529,1.6382752532040445,4.394449154672439,"146 A146 Dorchester St, South Boston",2,3.0,0,Mixed use (Residential and Commercial)
STR-404352,3.0,1541.0,466.0,2.0,144.0,4.0,150.0,5,POINT (42.38133 -71.02889666666665),71.0,404352,True,True,Active,Limited Share Unit,True,3,6,0.0,0.0,221.0533979027093,1.4029178840425987,43.0,283.66309268586264,1.6513063500739502,5.545177444479562,"27 Shelby St, East Boston",2,1.0,0,Commercial
STR-405820,3.0,33744.0,361.0,1.0,144.0,5.0,150.0,6,POINT (42.31263666666666 -71.06322),71.0,405820,True,True,Active,Owner-Adjacent Unit,True,5,10,0.0,0.0,292.4396325355934,1.6816719368031166,40.0,354.77382196373384,1.8742951973808637,5.545177444479562,"93 97 Hancock St, Dorchester",5,3.0,0,Mixed use (Residential and Commercial)
STR-409781,3.0,27533.0,346.0,1.0,46.0,3.0,50.0,6,POINT (42.29251666666667 -71.07948),71.0,409781,True,True,Active,Owner-Adjacent Unit,True,5,10,0.0,0.0,308.1320252111325,1.7337684517010414,39.0,398.34614239291676,1.9898285656019983,5.545177444479562,"Helen St, Mattapan",1,1.0,0,Commercial
STR-396518,3.0,89272.0,577.0,4.0,632.0,14.0,650.0,3,POINT (42.38220666666666 -71.06895000000002),71.0,396518,True,True,Active,Limited Share Unit,True,3,6,0.0,0.0,158.99371456277206,1.0751345304795166,46.0,237.93219478943266,1.476179807870066,5.545177444479562,"331 Bunker Hill St, Charlestown",1,3.0,0,Mixed use (Residential and Commercial)
STR-398048,3.0,6884.0,128.0,2.0,48.0,0.0,50.0,28,POINT (42.37893 -71.03481333333333),71.0,398048,True,True,Active,Home Share Unit,True,5,10,1.0,0.0,373.9202577288983,1.926713357301761,37.0,454.5633548294315,2.121534795566917,5.545177444479562,"153 Brooks St, East Boston",7,3.0,0,Mixed use (Residential and Commercial)
STR-418952,5.0,33571.0,263.0,2.0,46.0,2.0,50.0,10,POINT (42.312302 -71.06742200000001),70.0,418952,True,True,Active,STRLH,True,5,10,0.0,0.0,381.2560015579893,1.946090545295439,37.0,523.8049162300935,2.263026605402491,7.16703787691222,"445 451 Columbia Rd, Dorchester",3,1.0,0,Commercial
STR-411741,3.0,12292.0,372.0,1.0,124.0,25.0,150.0,8,POINT (42.32708333333333 -71.09438),70.0,411741,True,True,Active,Owner-Adjacent Unit,True,5,10,0.0,0.0,251.77326376683482,1.5324928962636735,41.0,403.36672273785325,2.0023221957729698,5.545177444479562,"83 -85 Highland St, Roxbury",3,3.0,0,Mixed use (Residential and Commercial)
STR-101772,3.0,134365.0,135.0,7.0,42.0,1.0,50.0,4,POINT (42.34909 -71.06943),70.0,101772,False,False,not found,not found,False,5,10,0.0,0.0,271.9110689614065,1.6091459873952427,41.0,387.8095967838051,1.9630897553675801,5.545177444479562,"138 Arlington St, Bay Village",1,1.0,0,Commercial
STR-416758,3.0,92467.0,151.0,10.0,40.0,0.0,50.0,16,POINT (42.37586666666667 -71.05006333333333),70.0,416758,True,True,Inactive,Owner-Adjacent Unit,False,5,10,1.0,0.0,98.58242583279996,0.6009857015600195,51.0,147.8735233335348,1.0030971087919127,5.545177444479562,"Thirteenth St, Charlestown",11,,0,Commercial
STR-415303,3.0,31650.0,364.0,1.0,95.0,4.0,100.0,6,POINT (42.30115666666666 -71.06957666666666),70.0,415303,True,True,Active,Limited Share Unit,True,3,6,0.0,0.0,253.27762362325112,1.5384266765127057,41.0,378.20199858064296,1.9380690408855505,5.545177444479562,"385 385a Geneva Av, Dorchester",2,1.0,0,Commercial
STR-416649,3.0,154772.0,203.0,2.0,97.0,1.0,100.0,9,POINT (42.3363 -71.04467666666667),70.0,416649,True,True,Active,Limited Share Unit,True,3,6,1.0,0.0,192.0282090533733,1.262836339122729,44.0,270.6981483829894,1.6046917014771314,5.545177444479562,"78 Dorchester St, South Boston",17,1.0,0,Commercial
STR-420519,2.0,43253.0,343.0,4.0,83.0,13.0,100.0,8,POINT (42.289385 -71.07720499999999),70.0,420519,True,True,Active,Home Share Unit,True,5,10,0.0,0.0,267.1546284274989,1.5915637858710552,41.0,267.15494111042284,1.5915649519249229,4.394449154672439,"200 New England Av, Dorchester",1,1.0,0,Commercial
STR-396781,3.0,25198.0,872.0,1.0,146.0,3.0,150.0,8,POINT (42.30887999999999 -71.04664),70.0,396781,True,True,Active,Owner-Adjacent Unit,True,5,10,0.0,0.0,84.26608749815708,0.4457768080160003,53.0,126.3751191888525,0.8471364272743651,5.545177444479562,"400 Wm T Morrissey Bl, Dorchester",2,2.0,0,Commercial
STR-397983,3.0,37067.0,370.0,1.0,98.0,1.0,100.0,7,POINT (42.29264999999999 -71.05601),70.0,397983,True,True,Active,Home Share Unit,True,5,10,0.0,0.0,230.9957510982642,1.4467190572669821,42.0,318.07386621336195,1.7654226315077812,5.545177444479562,"502 Adams St, Dorchester",5,2.5,1,Mixed use (Residential and Commercial)
STR-402988,2.0,13400.0,365.0,1.0,96.0,3.0,100.0,3,POINT (42.31793500000001 -71.100515),70.0,402988,True,True,Active,Limited Share Unit,True,3,6,0.0,0.0,238.02364098506155,1.4765624632951084,42.0,238.02394497255008,1.476563735082677,4.394449154672439,"107 113 W Walnut Pk, Jamaica Plain",16,3.0,0,Mixed use (Residential and Commercial)
STR-918313,47.0,93778.0,15.0,9.0,39.0,2.0,50.0,124,POINT (42.34367425531914 -71.10187914893618),69.0,918313,False,False,not found,not found,False,5,10,1.0,1.0,327.27343549183234,1.7938469058874924,39.0,530.6880054623593,2.276056861411301,15.484804043631565,"1393 1399 Boylston St, Fenway",386,30.0,0,Mixed use (Residential and Commercial)
STR-397989,2.0,161072.0,448.0,1.0,96.0,3.0,100.0,4,POINT (42.33277 -71.04550499999999),69.0,397989,True,True,Inactive,Limited Share Unit,False,3,6,0.0,0.0,48.85960443265025,-0.09078885549702465,59.0,48.859624241277395,0.0,4.394449154672439,"388 E Eighth St, South Boston",11,3.0,0,Commercial
STR-400320,4.0,11049.0,76.0,11.0,37.0,2.0,50.0,8,POINT (42.3759925 -71.03719249999999),68.0,400320,True,True,Active,Limited Share Unit,True,3,6,1.0,1.0,248.85717311998638,1.5208894470838672,42.0,382.3862262546685,1.9490429047045277,6.437751649736401,"52 54 Bennington St, East Boston",6,1.0,0,Commercial
STR-416294,5.0,38750.0,87.0,2.0,48.0,0.0,50.0,10,POINT (42.28719 -71.054692),68.0,416294,True,True,Inactive,Owner-Adjacent Unit,False,5,10,0.0,0.0,293.056694640127,1.6837725876596448,40.0,433.0441299847821,2.073146210923727,7.16703787691222,"671 Adams St, Dorchester",1,,0,Commercial condominium
STR-398358,3.0,13345.0,485.0,1.0,196.0,3.0,200.0,6,POINT (42.31714333333333 -71.10031333333335),68.0,398358,True,True,Active,Limited Share Unit,True,3,6,0.0,0.0,134.19479673195443,0.9067166771578732,48.0,190.72878712887305,1.2560818063773285,5.545177444479562,"1901 Columbus Av, Jamaica Plain",4,3.0,0,Mixed use (Residential and Commercial)
STR-413500,2.0,150332.0,198.0,1.0,98.0,1.0,100.0,4,POINT (42.33672 -71.05136),68.0,413500,True,True,Active,Limited Share Unit,True,3,6,0.0,0.0,376.1561413598408,1.9326592697673304,37.0,376.1561622772734,1.932659325228265,4.394449154672439,"209 W Fifth St, South Boston",5,3.0,0,Mixed use (Residential and Commercial)
LB-390690,9.0,121525.0,29.0,30.0,13.0,7.0,50.0,28,POINT (42.35523888888888 -71.06181777777778),68.0,390690,False,False,not found,not found,False,5,10,1.0,1.0,281.6723700370599,1.6442885239381404,40.0,503.8119506854149,2.224185985046251,9.210340371976184,"44 46 Temple Pl, Downtown",11,5.0,0,Commercial
STR-386945,2.0,36285.0,361.0,1.0,48.0,1.0,50.0,3,POINT (42.28855 -71.067915),68.0,386945,True,True,Active,Limited Share Unit,True,3,6,0.0,0.0,183.41173377704422,1.2171709412946035,45.0,183.41187198688883,1.21717169075772,4.394449154672439,"450 Talbot Av, Dorchester",5,1.0,0,Commercial
STR-397969,2.0,22641.0,206.0,2.0,46.0,2.0,50.0,6,POINT (42.314575 -71.06458000000001),68.0,397969,True,True,Active,Home Share Unit,True,5,10,0.0,0.0,359.5741844845535,1.8876977177587824,38.0,359.5752348385049,1.8877006307582889,4.394449154672439,"40 Hancock St, Dorchester",1,,0,Commercial condominium
Lb-101772,5.0,135324.0,138.0,1.0,48.0,1.0,50.0,8,POINT (42.348916 -71.07030399999999),67.0,101772,False,False,not found,not found,False,5,10,0.0,0.0,148.17541069028798,1.0051228664815337,47.0,297.17835670335165,1.6976918198956295,7.16703787691222,"172 Columbus Av, Bay Village",6,5.0,0,Commercial
STR-414680,3.0,9018.0,162.0,1.0,49.0,0.0,50.0,24,POINT (42.36693666666667 -71.03801333333332),67.0,414680,True,True,Active,Limited Share Unit,True,3,6,1.0,0.0,170.72894334687388,1.1459173229859472,46.0,219.19560815414113,1.3945162792855976,5.545177444479562,"Marginal St, East Boston",21,,0,Mixed use (Residential and Commercial)
STR-383164,2.0,24988.0,241.0,6.0,92.0,2.0,100.0,5,POINT (42.320245 -71.05557999999999),67.0,383164,True,True,Active,Home Share Unit,True,5,10,0.0,0.0,286.1541785409108,1.6600192789749704,40.0,286.1542049607956,1.660019370980888,4.394449154672439,"894 Dorchester Av, Dorchester",1,1.0,0,Commercial
STR-398979,2.0,22027.0,308.0,2.0,42.0,6.0,50.0,4,POINT (42.31595 -71.067485),67.0,398979,True,True,Active,Limited Share Unit,True,3,6,0.0,0.0,207.60001693153438,1.3404186237341396,43.0,207.60037502379387,1.3404203403780661,4.394449154672439,"Arion St, Dorchester",11,1.0,0,Commercial
STR-411054,2.0,154408.0,418.0,2.0,196.0,2.0,200.0,6,POINT (42.34082 -71.05070000000001),67.0,411054,True,True,Active,Owner-Adjacent Unit,True,5,10,0.0,0.0,139.81120025465975,0.9474199878234346,48.0,139.81134631844378,0.9474210251252115,4.394449154672439,"204 W First St, South Boston Waterfront",1,2.0,0,Commercial
STR-420772,9.0,129196.0,49.0,2.0,48.0,0.0,50.0,18,POINT (42.34498666666666 -71.08054222222222),67.0,420772,True,True,Active,STRLH,True,5,10,1.0,1.0,259.21003964333363,1.5614891496666141,41.0,426.0065165256508,2.0567992742963677,9.210340371976184,"96 St Botolph St, Back Bay",14,3.0,0,Mixed use (Residential and Commercial)
STR-409266,6.0,167020.0,90.0,2.0,47.0,1.0,50.0,15,POINT (42.33716500000001 -71.07600666666666),67.0,409266,True,True,Active,Home Share Unit,True,5,10,1.0,1.0,129.2174774421969,0.8692059561128449,48.0,387.6524783529073,1.9626855724805647,7.783640596221253,"1718 1716 Washington St, South End",4,1.0,0,Commercial
STR-413155,2.0,26152.0,106.0,5.0,41.0,4.0,50.0,3,POINT (42.306315 -71.08233),67.0,413155,True,True,Void,Home Share Unit,False,5,10,0.0,0.0,210.35798007084964,1.3535532839098856,43.0,210.35819138566268,1.353554283705149,4.394449154672439,"190 Normandy St, Roxbury",9,3.0,0,Mixed use (Residential and Commercial)
STR-398579,3.0,104621.0,136.0,11.0,37.0,2.0,50.0,23,POINT (42.35441666666667 -71.13817),67.0,398579,True,True,Active,Home Share Unit,True,5,10,1.0,0.0,235.1666479470074,1.46453769119801,42.0,352.6957587361864,1.8684371050063389,5.545177444479562,"15 N Beacon St, Allston",1,,0,Commercial condominium
STR-401632,2.0,53122.0,233.0,2.0,48.0,0.0,50.0,5,POINT (42.27883 -71.134855),67.0,401632,True,True,Active,Limited Share Unit,True,3,6,0.0,0.0,266.3963654649208,1.5887320724472742,41.0,266.3965095431723,1.5887326112661642,4.394449154672439,"4456 4458 Washington St, Roslindale",3,1.0,0,Commercial
STR-398126,3.0,66272.0,432.0,1.0,248.0,1.0,250.0,8,POINT (42.30857 -71.11724),66.0,398126,True,True,Active,Home Share Unit,True,5,10,0.0,0.0,120.27918699433424,0.7980952183288341,49.0,312.07465058973673,1.74644166239018,5.545177444479562,"793 Centre St, Jamaica Plain",1,2.0,0,Commercial
STR-411261,2.0,104092.0,143.0,3.0,45.0,2.0,50.0,22,POINT (42.35907 -71.13295500000001),66.0,411261,True,True,Active,Limited Share Unit,True,3,6,1.0,0.0,181.68373517048337,1.2077564346289194,45.0,181.6839803314139,1.2077577766245042,4.394449154672439,"101 A99 Franklin St, Allston",8,1.0,0,Mixed use (Residential and Commercial)
str-413447,2.0,36056.0,206.0,1.0,48.0,1.0,50.0,4,POINT (42.2926 -71.06375),66.0,413447,True,True,Active,Limited Share Unit,True,3,6,0.0,0.0,284.3730833064542,1.6537973884242652,40.0,284.3731012682881,1.6537974513658478,4.394449154672439,"7 Centre Av, Dorchester",2,,1,Mixed use (Residential and Commercial)
STR-408224,4.0,126915.0,135.0,1.0,149.0,0.0,150.0,6,POINT (42.3456425 -71.07341750000001),66.0,408224,True,True,Active,Limited Share Unit,True,3,6,0.0,1.0,182.5691239812852,1.2125912940076509,45.0,340.8213362110159,1.8342881918198977,6.437751649736401,"48 A48b Clarendon St, South End",8,3.0,0,Mixed use (Residential and Commercial)
STR-415049,3.0,7075.0,238.0,1.0,49.0,0.0,50.0,10,POINT (42.38009666666667 -71.03082999999999),66.0,415049,True,True,Active,Home Share Unit,True,5,10,0.0,0.0,230.1837188220418,1.4432127139987072,42.0,337.9205480226088,1.8257657082964078,5.545177444479562,"213 215 Trenton St, East Boston",5,3.0,0,Mixed use (Residential and Commercial)
STR-415861,2.0,86.0,153.0,11.0,37.0,2.0,50.0,4,POINT (42.33385 -71.10120499999999),66.0,415861,True,True,Void,Limited Share Unit,False,3,6,0.0,0.0,138.54466418009866,0.938384723350917,48.0,138.54466842502,0.9383847537707206,4.394449154672439,"1575 Tremont St, Mission Hill",152,14.0,0,Mixed use (Residential and Commercial)
str-413946,2.0,165258.0,323.0,2.0,44.0,4.0,50.0,4,POINT (42.322275 -71.06921999999999),66.0,413946,True,True,Active,Home Share Unit,True,5,10,0.0,0.0,163.98646907450114,1.105863464928853,46.0,163.9865516876131,1.1058639656553169,4.394449154672439,"61 Burrell St, Roxbury",1,1.0,0,Commercial
STR-387480,5.0,106794.0,333.0,1.0,49.0,0.0,50.0,10,POINT (42.354024 -71.16775800000001),66.0,387480,True,True,Active,Limited Share Unit,True,3,6,1.0,1.0,22.777534678426342,-0.8312587861711309,66.0,56.85462471814,0.05793339371388306,7.16703787691222,"10 Bellamy St, Brighton",1,3.0,0,Commercial
STR409469,4.0,33300.0,319.0,4.0,41.0,5.0,50.0,8,POINT (42.30866 -71.07255500000002),65.0,409469,True,True,Active,Owner-Adjacent Unit,True,5,10,0.0,0.0,160.26653015523777,1.0830584630124473,46.0,259.1823265024867,1.561382641029378,6.437751649736401,"34 36 Westwood St, Dorchester",2,2.0,0,Commercial
STR-413793,2.0,103403.0,170.0,4.0,44.0,2.0,50.0,4,POINT (42.35878 -71.141845),65.0,413793,True,True,Active,Limited Share Unit,True,3,6,0.0,0.0,338.928680668981,1.8287358328686354,38.0,338.9287082135396,1.8287359138990373,4.394449154672439,"106 Lincoln St, Brighton",1,1.0,0,Commercial
Lb-101723,2.0,135325.0,118.0,6.0,42.0,2.0,50.0,4,POINT (42.34925 -71.070035),65.0,101723,False,False,not found,not found,False,5,10,0.0,0.0,148.04855481945407,1.0042721241324521,47.0,148.04860129293573,1.0042724359333581,4.394449154672439,"130 Columbus Av, Bay Village",2,5.0,0,Commercial
STR-409264,2.0,15433.0,730.0,1.0,323.0,26.0,350.0,4,POINT (42.307195 -71.11126),64.0,409264,True,True,Active,Limited Share Unit,True,3,6,0.0,0.0,49.86330173662474,-0.07085832397263925,58.0,49.863302573360976,0.0,4.394449154672439,"3521 -3549 Washington St, Jamaica Plain",8,4.0,0,Commercial
STR-416111,2.0,23155.0,144.0,2.0,48.0,0.0,50.0,8,POINT (42.31568 -71.057525),64.0,416111,True,True,Active,Limited Share Unit,True,3,6,1.0,0.0,132.43866330687035,0.89364192137554,48.0,132.43871472153378,0.8936423066810599,4.394449154672439,"1029 1027 Dorchester Av, Dorchester",5,3.0,0,Mixed use (Residential and Commercial)
STR-399036,3.0,50652.0,150.0,1.0,49.0,0.0,50.0,6,POINT (42.27542666666667 -71.09442),64.0,399036,True,True,Active,Limited Share Unit,True,3,6,0.0,0.0,303.9813506069273,1.7202506291868884,39.0,368.0667364248742,1.910977485207762,5.545177444479562,"1419 1435 Blue Hill Av, Mattapan",3,1.0,0,Commercial
STR-398232,3.0,72053.0,218.0,5.0,44.0,1.0,50.0,3,POINT (42.27963333333333 -71.13621333333333),63.0,398232,True,True,Active,Limited Share Unit,True,3,6,0.0,0.0,190.61793139865293,1.2555034488333483,44.0,276.5946387303532,1.6261619155151479,5.545177444479562,"4467 Washington St, Roslindale",4,3.0,0,Mixed use (Residential and Commercial)
STR-415050,6.0,163624.0,87.0,4.0,45.0,1.0,50.0,13,POINT (42.322325 -71.06056666666666),62.0,415050,True,True,Active,Limited Share Unit,True,3,6,1.0,1.0,76.03450688361096,0.3442534628139384,54.0,214.20960533368202,1.3716124617417371,7.783640596221253,"226 224 Boston St, Dorchester",8,3.0,0,Mixed use (Residential and Commercial)
STR-389183,2.0,17536.0,884.0,1.0,484.0,15.0,500.0,14,POINT (42.298345 -71.11043000000001),61.0,389183,True,True,Active,Home Share Unit,True,5,10,1.0,0.0,9.785626091099198,-1.6217856698179465,75.0,9.785626888592706,0.0,4.394449154672439,"10 Tower St, Jamaica Plain",1,2.0,0,Mixed use (Residential and Commercial)
STR-383981,2.0,127586.0,316.0,4.0,195.0,1.0,200.0,4,POINT (42.34343 -71.07517999999999),61.0,383981,True,True,Active,Limited Share Unit,True,3,6,0.0,0.0,91.85720575297958,0.5310628911739199,52.0,91.85724692600307,0.5310633345753129,4.394449154672439,"627 627a Tremont St, South End",19,3.5,0,Mixed use (Residential and Commercial)
STR-383107,3.0,89851.0,99.0,1.0,49.0,0.0,50.0,8,POINT (42.38303999999999 -71.07836333333333),61.0,383107,True,True,Active,Limited Share Unit,True,3,6,1.0,0.0,137.54027640202378,0.9311610876987473,48.0,200.74659644085773,1.3070124368261329,5.545177444479562,"89 Cambridge St, Charlestown",1,2.0,0,Commercial
STR-387698,2.0,135324.0,160.0,1.0,48.0,1.0,50.0,10,POINT (42.348775 -71.07070999999999),61.0,387698,False,False,not found,not found,False,5,10,0.0,0.0,56.55221410585169,0.05269260716200819,57.0,56.55221471463184,0.05269261773988365,4.394449154672439,"172 Columbus Av, Bay Village",6,5.0,0,Commercial
LB-101773,5.0,134365.0,41.0,4.0,44.0,2.0,50.0,7,POINT (42.34871800000001 -71.06942599999999),61.0,101773,False,False,not found,not found,False,5,10,0.0,0.0,283.5043323703718,1.6507484814658069,40.0,486.25131159820785,2.1887800302223397,7.16703787691222,"138 Arlington St, Bay Village",1,1.0,0,Commercial
STR-418364,2.0,159277.0,113.0,5.0,45.0,0.0,50.0,8,POINT (42.332515 -71.050775),61.0,418364,True,True,Void,STRBB,False,5,10,0.0,0.0,87.50274157556672,0.48303352978905867,53.0,87.50277767190883,0.48303393764461333,4.394449154672439,"256 236 Dorchester St, South Boston",5,1.0,0,Commercial
STR-398568,2.0,51109.0,127.0,2.0,48.0,0.0,50.0,4,POINT (42.27196 -71.10755),60.0,398568,True,True,Active,Limited Share Unit,True,3,6,0.0,0.0,247.71943803429707,1.5163255063168473,42.0,247.7199469961554,1.5163275526439923,4.394449154672439,"601 Cummins Hw, Hyde Park",2,1.0,0,Commercial
STR-414387,5.0,128244.0,52.0,8.0,42.0,0.0,50.0,10,POINT (42.34185599999999 -71.07585400000001),60.0,414387,True,True,Void,STRLH,False,5,10,0.0,0.0,218.8551623227773,1.392968976464525,43.0,342.64115401937534,1.8395979559861217,7.16703787691222,"665 665a Tremont St, South End",8,4.0,0,Mixed use (Residential and Commercial)
STR-398959,3.0,10218.0,121.0,6.0,42.0,2.0,50.0,6,POINT (42.36875333333333 -71.03847),60.0,398959,True,True,Active,Limited Share Unit,True,3,6,0.0,0.0,275.49909448951877,1.622207546054744,41.0,328.5772032178029,1.7978106306487778,5.545177444479562,"10 Bremen St, East Boston",1,2.0,0,Mixed use (Residential and Commercial)
STR-414143,4.0,170142.0,37.0,5.0,42.0,3.0,50.0,11,POINT (42.3372125 -71.07823249999998),60.0,414143,True,True,Void,Home Share Unit,False,5,10,1.0,0.0,109.36939855643182,0.7038329084307389,50.0,210.40586280138945,1.353779806265342,6.437751649736401,"603 Massachusetts Av, Roxbury",7,4.0,0,Mixed use (Residential and Commercial)
STR-414689,2.0,16297.0,488.0,4.0,188.0,8.0,200.0,6,POINT (42.305755 -71.116165),60.0,414689,True,True,Active,Limited Share Unit,True,3,6,0.0,0.0,43.90156001280101,-0.1955274616949767,60.0,43.9015746762032,0.0,4.394449154672439,"90 86 South St, Jamaica Plain",80,2.0,0,Mixed use (Residential and Commercial)
STR-414388,9.0,169220.0,6.0,1.0,49.0,0.0,50.0,18,POINT (42.33913888888888 -71.07728),59.0,414388,True,True,Void,STRLH,False,5,10,1.0,1.0,318.110556410292,1.7655376145618007,39.0,492.75129427923855,2.202031937536936,9.210340371976184,"59 Worcester St, South End",12,3.5,1,Mixed use (Residential and Commercial)
STR-384737,2.0,23021.0,206.0,1.0,46.0,3.0,50.0,4,POINT (42.31798 -71.057665),59.0,384737,True,True,Active,Limited Share Unit,True,3,6,0.0,0.0,115.6945216181935,0.7595595940448714,50.0,115.69458805842163,0.7595601633964417,4.394449154672439,"959 A951 Dorchester Av, Dorchester",3,1.0,0,Commercial
STR-409453,2.0,63026.0,537.0,1.0,394.0,5.0,400.0,4,POINT (42.3174 -71.10826500000002),59.0,409453,True,True,Active,Owner-Adjacent Unit,True,5,10,0.0,0.0,35.51723164142649,-0.4022157510504778,62.0,35.517238813363214,0.0,4.394449154672439,"66 -66a Boylston St, Jamaica Plain",1,,0,Commercial condominium
STR-415973,5.0,164430.0,102.0,7.0,33.0,10.0,50.0,10,POINT (42.321162 -71.06195),59.0,415973,True,True,Active,Owner-Adjacent Unit,True,5,10,0.0,0.0,269.49107368996584,1.600239098444324,41.0,416.03261346177476,2.0331644284810464,7.16703787691222,"1291 Massachusetts Av, Dorchester",4,3.0,0,Mixed use (Residential and Commercial)
STR-398748,3.0,128978.0,95.0,4.0,46.0,0.0,50.0,3,POINT (42.34451 -71.08131333333333),58.0,398748,True,True,Active,Limited Share Unit,True,3,6,0.0,0.0,270.36707649287,1.6034724301411325,41.0,378.90152855021654,1.9399120837448862,5.545177444479562,"116 St Botolph St, Back Bay",3,3.0,0,Mixed use (Residential and Commercial)
STR-383502,5.0,171430.0,104.0,12.0,30.0,8.0,50.0,10,POINT (42.330126 -71.09351399999998),58.0,383502,True,True,Active,Home Share Unit,True,5,10,0.0,0.0,262.37656746820704,1.5735848235758683,41.0,503.7017135894367,2.22396758860385,7.16703787691222,"257 Roxbury St, Roxbury",1,,0,Commercial condominium
STR-387420,6.0,36580.0,145.0,6.0,44.0,0.0,50.0,33,POINT (42.28994166666667 -71.0624366666667),57.0,387420,True,True,Active,Owner-Adjacent Unit,True,5,10,1.0,1.0,23.56012703819602,-0.7988757241694513,66.0,70.68035626148185,0.27221673882008623,7.783640596221253,"1750 1758 Dorchester Av, Dorchester",13,3.0,0,Mixed use (Residential and Commercial)
STR-402007,2.0,84337.0,146.0,7.0,43.0,0.0,50.0,2,POINT (42.279585 -71.15990499999999),56.0,402007,True,True,Active,Limited Share Unit,True,3,6,0.0,0.0,134.60648735913117,0.9097572162434071,48.0,134.60662751737044,0.9097582498087595,4.394449154672439,"2075 Centre St, West Roxbury",2,1.0,0,Commercial
STR-392105,3.0,39099.0,81.0,14.0,35.0,1.0,50.0,6,POINT (42.28403666666667 -71.05623999999999),54.0,392105,True,True,Active,Limited Share Unit,True,3,6,0.0,0.0,249.4268544464745,1.5231668796674729,42.0,334.1625860616022,1.814615745616984,5.545177444479562,"761 Adams St, Dorchester",1,1.0,0,Commercial
STR-420982,2.0,123621.0,75.0,4.0,45.0,1.0,50.0,7,POINT (42.34503 -71.06965),54.0,420982,True,True,Active,Home Share Unit,True,5,10,0.0,0.0,212.71136521655356,1.3646263439551714,43.0,212.71171152279737,1.364627964392919,4.394449154672439,"512 518 Tremont St, South End",1,,0,Commercial condominium
STR-401218,2.0,158879.0,49.0,6.0,42.0,2.0,50.0,6,POINT (42.334335 -71.05492000000001),53.0,401218,True,True,Active,Limited Share Unit,True,3,6,0.0,0.0,351.8067589407891,1.865920481944558,38.0,351.8067869171232,1.865920561241035,4.394449154672439,"159 Old Colony Av, South Boston",1,1.0,0,Commercial
STR402530,2.0,102938.0,76.0,5.0,41.0,4.0,50.0,4,POINT (42.360675 -71.12629000000001),52.0,402530,True,True,Active,Limited Share Unit,True,3,6,0.0,0.0,184.35778618072723,1.222287936703247,45.0,184.3577917636965,1.2222879668232078,4.394449154672439,"37 W Sorrento St, Allston",1,1.0,0,Commercial
STR-383101,2.0,164060.0,260.0,2.0,46.0,2.0,50.0,4,POINT (42.32476500000001 -71.05861000000002),51.0,383101,True,True,Active,Owner-Adjacent Unit,True,5,10,0.0,0.0,35.041200854021,-0.4153372477810837,62.0,35.04120119867178,0.0,4.394449154672439,"43 Howell St, Dorchester",5,3.0,0,Mixed use (Residential and Commercial)
STR-407435,2.0,4579.0,89.0,5.0,45.0,0.0,50.0,4,POINT (42.382385 -71.02021000000001),49.0,407435,True,True,Active,Limited Share Unit,True,3,6,0.0,0.0,101.27686927717515,0.6276835406191097,51.0,101.2769302535905,0.6276841368086252,4.394449154672439,"1 A1b Curtis St, East Boston",2,1.0,0,Commercial
STR-383106,4.0,90007.0,19.0,5.0,38.0,7.0,50.0,11,POINT (42.3822825 -71.07769),49.0,383106,True,True,Active,Owner-Adjacent Unit,True,5,10,1.0,0.0,234.5327998241557,1.4618501811432276,42.0,274.3618958283212,1.6180862173477255,6.437751649736401,"78 88 Cambridge St, Charlestown",1,1.0,0,Commercial
STR-406255,2.0,118344.0,43.0,13.0,35.0,2.0,50.0,8,POINT (42.36373 -71.052025),47.0,406255,True,True,Active,Home Share Unit,True,5,10,0.0,0.0,242.27085896992224,1.494175468550731,42.0,242.2712557088756,1.494177099402167,4.394449154672439,"12 Lewis St, North End",6,4.0,0,Mixed use (Residential and Commercial)
STR-414857,2.0,1552.0,45.0,15.0,33.0,2.0,50.0,4,POINT (42.380115 -71.02777499999999),47.0,414857,True,True,Active,Home Share Unit,True,5,10,0.0,0.0,232.30364261311678,1.4523407923350575,42.0,232.3036465193121,1.4523408090780254,4.394449154672439,"33 Shelby St, East Boston",1,1.5,0,Commercial
STR-391653,2.0,8327.0,42.0,6.0,44.0,0.0,50.0,4,POINT (42.368365 -71.03425),44.0,391653,True,True,Active,Home Share Unit,True,5,10,0.0,0.0,150.95869090776768,1.0236087135663903,47.0,150.95888069989556,1.0236099625374644,4.394449154672439,"113 115 Cottage St, East Boston",1,3.0,0,Mixed use (Residential and Commercial)
STR-413201,2.0,9018.0,25.0,2.0,48.0,0.0,50.0,12,POINT (42.366525 -71.03785999999999),43.0,413201,True,True,Active,Owner-Adjacent Unit,True,5,10,1.0,0.0,93.28444271835028,0.5463161995536892,52.0,93.28444336134008,0.54631620637337,4.394449154672439,"Marginal St, East Boston",21,,0,Mixed use (Residential and Commercial)
Str416603,3.0,23048.0,267.0,1.0,96.0,3.0,100.0,13,POINT (42.31777333333333 -71.05794333333334),41.0,416603,True,True,Active,Limited Share Unit,True,3,6,1.0,0.0,3.455248627043759,-2.5059171320949014,84.0,5.182872984852752,0.0,5.545177444479562,"971 Dorchester Av, Dorchester",4,2.5,1,Mixed use (Residential and Commercial)
STR-397944,3.0,54006.0,1632.0,1.0,792.0,7.0,800.0,8,POINT (42.2779 -71.14423000000002),38.0,397944,True,True,Active,Home Share Unit,True,5,10,0.0,0.0,0.0,-4.0,100.0,0.0,0.0,5.545177444479562,"4640 Washington St, Roslindale",11,1.0,0,Commercial
STR-398117,3.0,32661.0,23.0,15.0,27.0,8.0,50.0,6,POINT (42.30657333333333 -71.06689666666666),37.0,398117,True,True,Active,Owner-Adjacent Unit,True,5,10,0.0,0.0,192.50320342436567,1.2652940674974813,44.0,266.85006750918143,1.5904273743679358,5.545177444479562,"250 252a Bowdoin St, Dorchester",3,1.0,0,Commercial
STR-383892,3.0,102938.0,16.0,7.0,38.0,5.0,50.0,6,POINT (42.36083666666666 -71.12641333333336),32.0,383892,True,True,Active,Limited Share Unit,True,3,6,0.0,0.0,166.32517170887422,1.1199390551859354,46.0,249.4877356719485,1.52340995993295,5.545177444479562,"37 W Sorrento St, Allston",1,1.0,0,Commercial
STR-383875,2.0,103621.0,25.0,9.0,40.0,1.0,50.0,4,POINT (42.36255 -71.13060999999999),31.0,383875,True,True,Active,Limited Share Unit,True,3,6,0.0,0.0,90.37310145218632,0.514951140313034,52.0,90.37312936196969,0.5149514457615592,4.394449154672439,"209 211 N Harvard St, Allston",2,1.0,0,Commercial
STR-418927,2.0,123705.0,124.0,1.0,49.0,0.0,50.0,6,POINT (42.34412500000001 -71.07013499999999),26.0,418927,True,True,Active,Home Share Unit,True,5,10,0.0,0.0,6.806476764845544,-1.9450462563906261,78.0,6.806477045354297,0.0,4.394449154672439,"51 53 Milford St, South End",6,5.0,0,Mixed use (Residential and Commercial)
STR-398624,3.0,158451.0,223.0,1.0,99.0,0.0,100.0,6,POINT (42.33450999999999 -71.02731666666666),24.0,398624,True,True,Active,Limited Share Unit,True,3,6,0.0,0.0,2.403482935622402,-2.7752006998800502,87.0,3.6052244053548512,0.0,5.545177444479562,"908 E Fourth St, South Boston",6,3.0,1,Mixed use (Residential and Commercial)
STR-413140,4.0,158516.0,162.0,14.0,33.0,3.0,50.0,8,POINT (42.33034 -71.05802),24.0,413140,True,True,Active,Limited Share Unit,True,3,6,1.0,1.0,0.0,-4.0,100.0,0.0,0.0,6.437751649736401,"1 3 Wadleigh Pl, South Boston",2,3.0,0,Commercial
STR-398249,4.0,4254.0,90.0,5.0,36.0,9.0,50.0,8,POINT (42.3813725 -71.0231125),21.0,398249,True,True,Active,Home Share Unit,True,5,10,0.0,0.0,7.377266810871163,-1.8744782949271417,78.0,23.276176045128967,0.0,6.437751649736401,"452 Bennington St, East Boston",1,1.0,0,Commercial
STR-408486,2.0,17536.0,464.0,2.0,244.0,4.0,250.0,2,POINT (42.29899 -71.11176),19.0,408486,True,True,Active,Limited Share Unit,True,3,6,0.0,0.0,0.0,-4.0,100.0,0.0,0.0,4.394449154672439,"10 Tower St, Jamaica Plain",1,2.0,0,Mixed use (Residential and Commercial)
STR-383350,3.0,79061.0,66.0,10.0,39.0,1.0,50.0,6,POINT (42.37753000000001 -71.06639666666666),16.0,383350,True,True,Active,Home Share Unit,True,5,10,0.0,0.0,8.235598251053863,-1.7769346076073678,76.0,12.299864286397318,0.0,5.545177444479562,"277 279 Main St, Charlestown",5,3.0,0,Mixed use (Residential and Commercial)
STR-406565,3.0,128237.0,104.0,6.0,44.0,0.0,50.0,6,POINT (42.34232 -71.07594666666667),3.0,406565,True,True,Active,Limited Share Unit,True,3,6,0.0,0.0,1.2015927690631714,-3.2108189156493188,92.0,1.8023891516737451,0.0,5.545177444479562,"661 661a Tremont St, South End",5,5.0,0,Mixed use (Residential and Commercial)
