CT_name10,AIR_count_listings,AIR_sum_has_license,AIR_sum_accommodates,AIR_calc_percent_licensed,AIR_calc_reviews_per_listing,AIR_count_hosts,AIR_median_host_distance_km,AIR_median_price,AIR_avg_price,AIR_avg_availability_30,STR_APP_Status_Active,STR_APP_Status_Expired,STR_APP_Status_Inactive,STR_APP_Status_Revoked,STR_APP_Status_Void,STR_PSD_open violation count,STR_PSD_violations in the last 6 months,BARI_count_parcels,BARI_count_units,BARI_avg_unit_living_area,BARI_avg_building_age,BARI_owner_occupancy_rate,BARI_agricult/commercial/industrial,BARI_condo/complex/residential/RCmixed,BARI_taxexempt/taxexemptBRA,PAD_avg_price,PAD_avg_beds
1.0,27.0,17.0,95.0,0.63,54.85,14.0,6.93,100.0,151.26,13.3,10.0,0.0,10.0,0.0,4.0,9.0,0.0,1092,3358,2072.0,47.05,0.32,0.15,0.82,0.03,3422.72,2.15
2.01,8.0,7.0,23.0,0.88,135.38,5.0,13.86,53.5,81.0,10.75,6.0,0.0,5.0,0.0,0.0,0.0,0.0,925,1794,1199.0,56.87,0.39,0.03,0.96,0.02,2768.46,2.94
2.02,2.0,2.0,5.0,1.0,7.0,2.0,1092.38,94.0,94.0,26.0,1.0,1.0,2.0,0.0,2.0,1.0,0.0,787,1551,1289.0,56.77,0.49,0.03,0.95,0.02,3073.54,3.08
3.01,8.0,8.0,18.0,1.0,73.38,4.0,9.0,60.0,69.25,10.38,4.0,0.0,2.0,0.0,2.0,2.0,1.0,831,1455,1298.0,50.73,0.47,0.02,0.97,0.01,3587.48,3.69
3.02,15.0,14.0,62.0,0.93,47.27,7.0,18.73,95.0,117.33,15.93,5.0,0.0,12.0,0.0,2.0,0.0,0.0,1077,1582,1127.0,51.94,0.47,0.01,0.98,0.01,3407.79,3.31
4.01,8.0,5.0,17.0,0.62,51.5,6.0,7.83,60.5,73.88,5.25,5.0,0.0,6.0,0.0,2.0,0.0,4.0,1306,9177,290.0,58.5,0.27,0.0,0.98,0.02,3017.9,3.03
4.02,11.0,8.0,44.0,0.73,81.27,9.0,8.17,85.0,148.45,19.45,7.0,1.0,10.0,0.0,1.0,0.0,0.0,1005,2074,1216.0,45.54,0.37,0.03,0.94,0.03,3267.45,2.79
5.02,11.0,1.0,44.0,0.09,8.36,8.0,7.98,150.0,181.27,2.36,1.0,0.0,0.0,0.0,0.0,0.0,0.0,1102,2531,976.0,37.8,0.21,0.02,0.96,0.02,2897.3,2.16
5.03,7.0,0.0,28.0,0.0,8.86,5.0,7.96,149.0,146.14,3.71,0.0,0.0,0.0,0.0,1.0,0.0,0.0,889,1538,719.0,41.35,0.24,0.0,1.0,0.0,2618.03,2.02
5.04,,,,,,,,,,,2.0,0.0,5.0,0.0,0.0,0.0,0.0,1339,3037,826.0,37.23,0.28,0.02,0.97,0.01,2795.07,2.57
6.01,2.0,2.0,9.0,1.0,137.0,2.0,13.86,130.0,130.0,6.5,5.0,0.0,2.0,0.0,2.0,5.0,1.0,912,2352,931.0,51.56,0.37,0.05,0.92,0.03,2721.45,2.35
6.02,9.0,2.0,29.0,0.22,25.22,5.0,6.87,50.0,79.11,17.33,2.0,0.0,3.0,0.0,0.0,2.0,0.0,621,2698,1189.0,47.44,0.25,0.03,0.91,0.05,2873.9,2.33
7.01,15.0,6.0,47.0,0.4,49.87,12.0,6.86,99.0,138.53,12.4,7.0,0.0,9.0,0.0,3.0,0.0,0.0,1043,2612,837.0,43.07,0.22,0.01,0.98,0.01,2773.62,2.38
7.03,30.0,0.0,72.0,0.0,29.67,3.0,5.53,133.0,132.6,11.27,0.0,0.0,0.0,0.0,1.0,0.0,0.0,262,1809,879.0,39.54,0.1,0.14,0.85,0.02,3257.39,2.81
7.04,21.0,0.0,37.0,0.0,4.86,5.0,2178.12,77.0,79.95,21.71,1.0,0.0,6.0,0.0,2.0,0.0,0.0,1136,3397,743.0,43.89,0.17,0.03,0.97,0.0,3116.31,2.51
8.02,41.0,19.0,156.0,0.46,48.46,14.0,5.56,133.0,180.05,11.95,12.0,0.0,9.0,0.0,6.0,25.0,3.0,1422,5369,1128.0,46.1,0.24,0.13,0.84,0.03,3601.9,3.11
8.03,1.0,0.0,6.0,0.0,1.0,1.0,688.43,112.0,112.0,0.0,,,,,,,,76,939,2207.0,35.14,0.11,0.46,0.14,0.39,3344.71,2.0
101.03,3.0,3.0,5.0,1.0,47.33,1.0,3.68,170.0,158.33,23.0,1.0,0.0,0.0,0.0,0.0,0.0,0.0,188,2637,1464.0,27.83,0.0,0.12,0.1,0.78,2683.33,1.0
101.04,25.0,3.0,98.0,0.12,51.16,13.0,3.14,195.0,307.72,17.04,5.0,0.0,6.0,0.0,0.0,0.0,0.0,1776,27576,103.0,30.39,0.17,0.11,0.84,0.04,3073.02,1.39
102.03,56.0,28.0,196.0,0.5,14.62,10.0,2180.92,186.0,231.89,14.16,3.0,0.0,1.0,0.0,0.0,0.0,0.0,884,6231,726.0,37.14,0.15,0.08,0.89,0.03,3552.75,1.25
102.04,35.0,15.0,115.0,0.43,16.06,11.0,2180.76,183.0,215.54,15.23,2.0,0.0,3.0,0.0,0.0,0.0,1.0,661,2631,1336.0,30.14,0.18,0.03,0.84,0.13,3754.98,1.87
103.0,2.0,2.0,7.0,1.0,2.5,2.0,3260.86,274.0,274.0,21.0,,,,,,,,247,1536,3895.0,28.39,0.12,0.09,0.59,0.32,3285.58,1.65
104.03,7.0,2.0,20.0,0.29,51.14,4.0,2.91,289.0,256.71,12.14,3.0,0.0,6.0,0.0,0.0,2.0,4.0,506,2588,730.0,20.44,0.18,0.04,0.94,0.03,2912.41,1.38
104.04,4.0,2.0,10.0,0.5,46.75,4.0,1092.44,175.0,160.5,14.25,3.0,0.0,4.0,0.0,1.0,2.0,2.0,769,2934,795.0,28.69,0.13,0.01,0.94,0.05,3149.5,1.63
104.05,2.0,0.0,5.0,0.0,29.0,2.0,14.64,174.5,174.5,0.5,1.0,0.0,0.0,0.0,0.0,0.0,0.0,420,2063,1116.0,30.64,0.09,0.05,0.79,0.15,3266.53,1.82
104.08,,,,,,,,,,,,,,,,,,291,1089,600.0,26.18,0.23,0.0,0.98,0.01,2395.36,1.03
105.0,22.0,10.0,57.0,0.45,21.73,9.0,2.75,289.5,1544.5,15.95,9.0,0.0,4.0,0.0,2.0,1.0,1.0,511,3488,1090.0,28.01,0.3,0.04,0.92,0.04,4055.8,1.27
106.0,26.0,8.0,82.0,0.31,35.73,11.0,2.45,299.5,2455.15,17.54,2.0,0.0,2.0,0.0,0.0,0.0,1.0,790,4660,3522.0,19.24,0.32,0.06,0.93,0.01,4714.37,1.57
107.01,30.0,14.0,88.0,0.47,82.83,10.0,25.5,150.0,200.57,13.13,5.0,0.0,2.0,0.0,0.0,2.0,0.0,1131,2770,1085.0,27.28,0.29,0.08,0.9,0.02,3515.1,1.23
107.02,16.0,8.0,41.0,0.5,21.0,9.0,1.97,162.5,182.12,14.31,2.0,0.0,3.0,0.0,1.0,6.0,0.0,1592,2965,2111.0,25.75,0.3,0.11,0.87,0.02,3317.41,1.07
108.01,8.0,2.0,25.0,0.25,38.62,7.0,1.98,150.0,154.75,9.25,4.0,0.0,7.0,0.0,4.0,0.0,0.0,1694,2314,1007.0,28.22,0.36,0.0,0.98,0.01,3441.57,1.22
108.02,11.0,4.0,45.0,0.36,77.45,11.0,2.52,199.0,270.45,16.73,3.0,0.0,3.0,0.0,3.0,31.0,0.0,1855,2511,963.0,30.36,0.31,0.0,0.99,0.01,3281.45,1.06
201.01,35.0,13.0,119.0,0.37,66.97,19.0,0.98,189.0,237.6,10.46,11.0,0.0,19.0,0.0,0.0,7.0,7.0,2194,3841,1030.0,30.73,0.39,0.02,0.96,0.02,3604.74,1.36
202.0,30.0,8.0,97.0,0.27,82.0,19.0,0.83,196.5,276.77,10.77,7.0,0.0,11.0,0.0,5.0,5.0,6.0,1251,3463,575.0,33.61,0.3,0.02,0.96,0.01,2922.43,1.48
203.01,35.0,0.0,129.0,0.0,15.43,5.0,2021.83,249.0,258.97,17.29,0.0,0.0,0.0,0.0,1.0,0.0,0.0,924,17804,171.0,30.43,0.19,0.05,0.87,0.08,5813.08,1.38
203.02,29.0,23.0,65.0,0.79,80.07,8.0,26.78,150.0,180.55,15.34,21.0,0.0,24.0,0.0,0.0,7.0,0.0,607,1246,1027.0,29.64,0.33,0.02,0.96,0.02,2916.58,1.12
203.03,23.0,6.0,88.0,0.26,20.48,10.0,301.34,180.0,186.65,14.7,2.0,0.0,2.0,0.0,1.0,0.0,0.0,1430,23490,353.0,22.62,0.23,0.08,0.86,0.06,3691.16,1.09
301.0,12.0,6.0,37.0,0.5,109.92,10.0,2.57,140.0,165.33,10.92,2.0,0.0,12.0,0.0,3.0,15.0,7.0,637,1932,642.0,32.47,0.31,0.02,0.97,0.01,2833.91,1.72
302.0,7.0,3.0,17.0,0.43,100.86,7.0,27.31,200.0,200.0,8.71,6.0,0.0,3.0,0.0,4.0,60.0,5.0,551,2084,560.0,22.77,0.22,0.05,0.93,0.01,2806.96,1.76
303.0,19.0,1.0,81.0,0.05,51.42,8.0,0.45,312.0,329.05,16.79,3.0,1.0,15.0,0.0,3.0,1.0,5.0,2219,8304,2784.0,30.96,0.33,0.14,0.78,0.08,3943.38,1.4
304.0,15.0,7.0,55.0,0.47,115.47,11.0,0.86,190.0,175.13,16.33,8.0,0.0,7.0,0.0,0.0,12.0,4.0,983,3556,530.0,24.39,0.25,0.05,0.89,0.06,3261.74,2.15
305.0,23.0,8.0,88.0,0.35,97.91,12.0,0.94,195.0,197.96,14.83,1.0,0.0,3.0,0.0,1.0,0.0,1.0,1249,2690,658.0,32.41,0.42,0.03,0.95,0.02,3316.74,1.67
401.0,15.0,14.0,60.0,0.93,45.27,11.0,1.55,245.0,298.53,8.93,11.0,0.0,8.0,0.0,3.0,8.0,2.0,1252,2218,976.0,31.21,0.51,0.02,0.96,0.02,3174.75,1.25
402.0,1.0,1.0,2.0,1.0,35.0,1.0,4068.81,15.0,15.0,30.0,3.0,0.0,2.0,0.0,1.0,2.0,0.0,359,1252,547.0,33.68,0.56,0.01,0.92,0.07,2342.5,1.5
403.0,15.0,11.0,46.0,0.73,92.33,15.0,2.04,175.0,216.67,9.6,16.0,0.0,8.0,0.0,4.0,7.0,9.0,1826,2641,980.0,37.18,0.56,0.01,0.98,0.01,2948.53,1.23
404.01,8.0,8.0,22.0,1.0,40.12,3.0,1.41,233.0,226.75,0.5,2.0,0.0,0.0,0.0,0.0,1.0,0.0,876,2761,483.0,33.11,0.51,0.04,0.91,0.06,3400.83,1.5
406.0,23.0,18.0,89.0,0.78,43.87,11.0,2.9,150.0,151.91,13.52,12.0,0.0,11.0,0.0,2.0,7.0,3.0,1623,4493,1164.0,32.38,0.44,0.09,0.84,0.06,3506.32,2.18
408.01,6.0,6.0,26.0,1.0,43.67,4.0,1106.42,287.5,251.0,14.5,3.0,0.0,1.0,0.0,0.0,0.0,0.0,1073,3405,1322.0,19.5,0.5,0.04,0.91,0.05,3423.92,1.29
501.01,15.0,12.0,67.0,0.8,57.4,8.0,3.02,100.0,137.73,9.47,5.0,0.0,10.0,0.0,2.0,29.0,0.0,785,1915,1018.0,68.16,0.45,0.02,0.96,0.02,2731.25,2.93
502.0,17.0,16.0,57.0,0.94,177.94,13.0,2.79,75.0,99.76,12.47,13.0,0.0,9.0,0.0,1.0,11.0,3.0,931,2469,901.0,56.68,0.4,0.04,0.94,0.02,2931.08,2.86
503.0,3.0,2.0,13.0,0.67,30.33,3.0,2.18,150.0,146.33,2.67,2.0,0.0,0.0,0.0,1.0,7.0,0.0,224,2290,853.0,45.64,0.25,0.16,0.68,0.16,2869.85,1.55
504.0,12.0,12.0,52.0,1.0,56.75,8.0,1.91,109.5,156.33,16.08,11.0,0.0,14.0,0.0,3.0,6.0,0.0,589,1593,748.0,46.42,0.34,0.06,0.92,0.02,3127.27,2.3
505.0,3.0,3.0,15.0,1.0,119.67,3.0,2.27,105.0,134.0,13.0,3.0,0.0,1.0,0.0,1.0,7.0,1.0,364,1049,1185.0,40.92,0.3,0.05,0.93,0.01,3031.1,2.89
506.0,6.0,6.0,16.0,1.0,78.0,4.0,2.2,95.0,84.83,10.17,3.0,0.0,4.0,0.0,1.0,1.0,0.0,437,1727,627.0,46.82,0.28,0.12,0.81,0.06,2882.99,2.58
507.0,15.0,9.0,63.0,0.6,208.33,11.0,2.67,155.0,139.6,7.07,6.0,0.0,6.0,0.0,4.0,6.0,0.0,838,2252,769.0,58.8,0.36,0.05,0.92,0.03,2997.5,3.0
509.01,33.0,27.0,111.0,0.82,76.27,15.0,3.78,125.0,122.12,15.39,8.0,0.0,14.0,0.0,5.0,17.0,0.0,832,3203,660.0,64.71,0.39,0.09,0.84,0.06,2932.91,2.7
510.0,8.0,7.0,32.0,0.88,101.88,6.0,4.08,145.0,127.62,15.88,7.0,0.0,3.0,0.0,1.0,2.0,0.0,890,2456,1211.0,64.91,0.52,0.07,0.89,0.04,2935.48,3.38
511.01,9.0,6.0,36.0,0.67,41.44,9.0,5.51,100.0,151.67,11.78,13.0,0.0,8.0,0.0,2.0,2.0,1.0,1342,3271,941.0,58.48,0.53,0.04,0.93,0.04,2975.76,3.09
512.0,9.0,8.0,31.0,0.89,116.78,9.0,2.24,150.0,158.67,11.22,8.0,0.0,14.0,0.0,6.0,44.0,2.0,847,2711,647.0,44.41,0.4,0.02,0.91,0.06,3002.97,2.41
601.01,7.0,7.0,24.0,1.0,119.14,5.0,3.85,125.0,196.57,15.43,3.0,0.0,0.0,0.0,2.0,0.0,0.0,1486,1973,1131.0,34.0,0.47,0.01,0.99,0.0,3466.61,2.11
602.0,3.0,3.0,12.0,1.0,49.0,3.0,3.79,189.0,293.67,16.67,9.0,0.0,9.0,1.0,2.0,0.0,3.0,818,1176,1066.0,39.65,0.49,0.0,1.0,0.0,3394.5,1.9
603.01,2.0,2.0,12.0,1.0,87.0,2.0,3.5,362.0,362.0,3.5,4.0,0.0,1.0,0.0,3.0,2.0,0.0,1428,2165,1072.0,38.33,0.47,0.02,0.97,0.01,3902.94,2.76
604.0,26.0,21.0,94.0,0.81,66.92,19.0,3.11,179.5,203.5,12.08,11.0,1.0,10.0,0.0,2.0,29.0,1.0,1984,3227,979.0,39.82,0.46,0.01,0.99,0.01,2987.09,1.55
605.01,14.0,13.0,53.0,0.93,23.93,7.0,3.0,107.0,221.21,15.64,24.0,0.0,9.0,0.0,3.0,10.0,0.0,2258,3132,1007.0,27.47,0.4,0.05,0.95,0.01,3060.38,1.44
606.0,17.0,9.0,54.0,0.53,50.47,10.0,6.17,145.0,192.53,13.94,9.0,0.0,7.0,0.0,0.0,6.0,3.0,1682,10324,1676.0,16.84,0.31,0.1,0.83,0.07,4110.37,1.21
607.0,1.0,1.0,2.0,1.0,72.0,1.0,2.45,100.0,100.0,8.0,,,,,,,,6,394,447.0,43.5,0.0,0.0,0.0,1.0,,
608.0,20.0,17.0,104.0,0.85,71.2,16.0,2.92,191.5,335.9,14.45,12.0,0.0,9.0,0.0,5.0,24.0,19.0,2276,3399,904.0,33.07,0.39,0.05,0.94,0.01,3489.99,2.23
610.0,7.0,6.0,27.0,0.86,10.29,6.0,3.42,120.0,165.29,4.29,5.0,0.0,2.0,0.0,2.0,6.0,0.0,538,1516,599.0,33.54,0.47,0.0,0.97,0.03,3639.47,2.42
611.01,,,,,,,,,,,,,,,,,,32,1112,141.0,51.09,0.12,0.03,0.53,0.44,3618.12,3.38
612.0,14.0,14.0,44.0,1.0,115.43,11.0,3.13,130.0,156.14,13.79,9.0,0.0,14.0,0.0,1.0,4.0,1.0,2553,6417,1569.0,23.79,0.39,0.12,0.83,0.05,3446.99,1.65
701.01,109.0,59.0,401.0,0.54,32.36,29.0,2184.01,150.0,376.77,17.19,14.0,0.0,6.0,0.0,3.0,1.0,3.0,4160,18861,2153.0,14.09,0.24,0.21,0.76,0.03,4903.52,1.32
702.0,27.0,3.0,115.0,0.11,50.41,12.0,4.42,189.0,196.93,16.52,12.0,0.0,11.0,0.0,2.0,6.0,5.0,607,8546,808.0,20.84,0.23,0.16,0.66,0.18,4297.15,1.03
703.0,106.0,65.0,246.0,0.61,31.24,24.0,2183.36,121.0,165.73,17.19,20.0,0.0,14.0,0.0,4.0,57.0,7.0,2203,4516,1452.0,22.53,0.43,0.04,0.95,0.02,4207.36,1.3
704.02,2.0,1.0,5.0,0.5,20.5,2.0,1.82,122.5,122.5,10.5,0.0,0.0,1.0,0.0,0.0,0.0,0.0,304,2237,1255.0,5.84,0.24,0.07,0.84,0.09,3894.81,1.13
705.0,33.0,19.0,112.0,0.58,59.85,22.0,2.53,170.0,222.09,9.42,20.0,0.0,20.0,0.0,4.0,4.0,3.0,2444,4297,746.0,22.81,0.45,0.02,0.95,0.02,3138.72,1.72
706.0,25.0,20.0,70.0,0.8,115.68,14.0,2.42,175.0,183.4,11.16,12.0,0.0,16.0,0.0,5.0,9.0,0.0,1179,1783,989.0,23.73,0.49,0.02,0.97,0.01,4515.0,1.9
707.0,37.0,37.0,86.0,1.0,96.59,5.0,26.15,150.0,171.95,12.97,31.0,0.0,32.0,0.0,0.0,2.0,0.0,992,2749,1180.0,21.75,0.45,0.03,0.96,0.02,4119.16,1.66
708.0,11.0,7.0,39.0,0.64,80.36,8.0,2.8,219.0,318.36,11.64,7.0,0.0,13.0,0.0,5.0,0.0,3.0,1397,3363,628.0,24.35,0.39,0.02,0.96,0.02,4608.55,2.82
709.0,17.0,15.0,42.0,0.88,70.24,7.0,2.82,80.0,112.53,13.71,2.0,0.0,5.0,0.0,4.0,0.0,1.0,998,2798,610.0,24.74,0.42,0.03,0.94,0.03,3186.51,1.91
711.01,13.0,11.0,40.0,0.85,65.62,6.0,2.9,125.0,179.92,13.54,6.0,0.0,5.0,0.0,5.0,0.0,1.0,1306,6000,697.0,22.57,0.4,0.03,0.94,0.04,3513.64,2.02
712.01,2.0,1.0,10.0,0.5,55.0,2.0,2.25,227.5,227.5,0.0,2.0,0.0,0.0,0.0,0.0,0.0,0.0,1240,12437,289.0,16.9,0.35,0.05,0.9,0.04,3753.93,1.83
801.0,13.0,13.0,31.0,1.0,26.85,4.0,3.98,100.0,96.46,16.23,5.0,0.0,7.0,0.0,0.0,0.0,0.0,755,3515,1308.0,56.03,0.18,0.42,0.44,0.14,2989.28,1.72
803.0,1.0,0.0,5.0,0.0,43.0,1.0,2182.29,199.0,199.0,22.0,1.0,0.0,1.0,0.0,1.0,6.0,2.0,406,2119,691.0,46.56,0.31,0.06,0.77,0.17,3053.33,2.67
804.01,3.0,1.0,9.0,0.33,129.67,3.0,3.83,110.0,121.33,23.0,2.0,0.0,0.0,0.0,0.0,0.0,0.0,366,3745,523.0,23.96,0.22,0.19,0.52,0.29,3584.36,2.6
805.0,2.0,1.0,12.0,0.5,106.0,1.0,3.39,142.0,142.0,6.0,0.0,0.0,2.0,0.0,1.0,0.0,1.0,193,1873,332.0,50.62,0.24,0.02,0.75,0.23,3713.56,2.9
806.01,2.0,1.0,8.0,0.5,100.5,2.0,1096.22,162.5,162.5,19.0,0.0,0.0,1.0,0.0,0.0,0.0,0.0,386,3768,1176.0,28.34,0.22,0.1,0.69,0.2,3916.27,2.75
808.01,3.0,0.0,30.0,0.0,6.0,2.0,2180.69,1090.0,1029.67,10.0,0.0,0.0,1.0,0.0,0.0,0.0,0.0,121,2123,908.0,36.83,0.0,0.2,0.17,0.63,3234.08,2.25
809.0,13.0,12.0,53.0,0.92,32.69,5.0,4.78,99.0,193.69,13.62,4.0,0.0,12.0,0.0,2.0,3.0,0.0,470,2010,1220.0,49.6,0.19,0.04,0.91,0.05,4119.75,3.39
810.01,12.0,3.0,41.0,0.25,37.83,8.0,296.27,209.0,201.58,12.25,1.0,0.0,4.0,0.0,2.0,14.0,2.0,769,6506,1105.0,36.4,0.22,0.04,0.77,0.19,3804.99,3.26
811.0,65.0,5.0,347.0,0.08,4.97,8.0,2179.71,279.0,288.72,18.88,4.0,0.0,4.0,0.0,3.0,2.0,0.0,924,3316,778.0,39.78,0.42,0.02,0.93,0.05,4577.12,3.08
812.0,36.0,33.0,143.0,0.92,32.69,11.0,5.45,85.0,139.25,19.89,8.0,0.0,4.0,0.0,3.0,6.0,4.0,377,1951,496.0,47.86,0.44,0.07,0.85,0.07,3775.0,3.5
813.0,9.0,8.0,28.0,0.89,123.56,7.0,5.83,120.0,121.33,17.22,4.0,0.0,1.0,0.0,2.0,2.0,0.0,604,3976,647.0,39.82,0.28,0.09,0.75,0.16,3105.0,3.29
814.0,52.0,35.0,215.0,0.67,93.71,26.0,4.6,148.5,201.0,10.23,24.0,0.0,21.0,0.0,5.0,1.0,1.0,1131,5575,410.0,36.63,0.32,0.02,0.83,0.15,3756.27,3.67
815.0,11.0,10.0,44.0,0.91,74.0,10.0,5.11,119.0,146.0,16.82,6.0,0.0,0.0,0.0,2.0,44.0,0.0,592,2664,497.0,42.62,0.42,0.01,0.89,0.1,3388.92,3.39
817.0,3.0,3.0,17.0,1.0,73.0,3.0,4.36,200.0,165.0,6.67,4.0,0.0,2.0,0.0,1.0,0.0,0.0,638,2864,726.0,50.28,0.39,0.01,0.89,0.1,3336.67,3.44
818.0,10.0,10.0,22.0,1.0,15.7,4.0,7.76,84.0,89.5,22.3,5.0,0.0,3.0,0.0,1.0,1.0,1.0,732,2875,731.0,53.61,0.4,0.04,0.87,0.09,2966.67,3.83
819.0,14.0,14.0,27.0,1.0,7.29,4.0,38.1,50.0,57.64,18.79,3.0,0.0,2.0,0.0,1.0,15.0,0.0,546,2312,754.0,56.15,0.36,0.01,0.9,0.09,2960.77,3.62
820.0,3.0,2.0,19.0,0.67,81.33,3.0,5.61,56.0,150.0,10.0,4.0,0.0,1.0,0.0,0.0,0.0,0.0,596,2762,854.0,64.78,0.44,0.03,0.86,0.12,2650.0,3.0
821.0,5.0,5.0,28.0,1.0,103.0,4.0,5.96,79.0,224.8,20.2,8.0,0.0,7.0,0.0,1.0,29.0,3.0,401,2584,848.0,50.14,0.37,0.03,0.92,0.05,3825.0,3.5
901.0,7.0,7.0,18.0,1.0,14.14,4.0,7.02,75.0,101.71,17.14,3.0,0.0,3.0,0.0,2.0,0.0,0.0,736,3188,777.0,65.05,0.41,0.02,0.91,0.07,2952.08,3.67
902.0,5.0,5.0,13.0,1.0,68.8,3.0,2182.0,44.0,72.8,15.0,1.0,0.0,2.0,0.0,1.0,0.0,0.0,325,1706,861.0,44.04,0.34,0.08,0.83,0.09,2935.71,3.0
903.0,,,,,,,,,,,1.0,0.0,0.0,0.0,0.0,0.0,0.0,588,3298,631.0,52.35,0.35,0.04,0.84,0.12,2600.0,4.0
904.0,9.0,9.0,41.0,1.0,9.44,5.0,5.0,104.0,111.33,16.67,5.0,0.0,16.0,0.0,3.0,39.0,37.0,868,4625,394.0,47.7,0.35,0.01,0.84,0.15,3700.0,3.5
906.0,11.0,7.0,32.0,0.64,48.82,5.0,2183.08,55.0,86.45,7.45,4.0,0.0,1.0,0.0,0.0,0.0,0.0,654,3481,401.0,53.55,0.31,0.11,0.69,0.2,2200.0,2.0
907.0,32.0,22.0,116.0,0.69,42.06,15.0,4.34,172.0,758.16,13.78,11.0,0.0,16.0,0.0,3.0,8.0,3.0,1358,3730,1119.0,44.0,0.4,0.08,0.88,0.05,3410.48,2.57
909.01,,,,,,,,,,,0.0,0.0,1.0,0.0,0.0,0.0,0.0,30,574,3899.0,34.8,0.0,0.37,0.1,0.53,2492.5,1.0
910.01,34.0,33.0,82.0,0.97,168.06,15.0,5.76,76.5,78.21,15.18,14.0,0.0,12.0,0.0,3.0,4.0,0.0,1017,3128,1136.0,46.12,0.45,0.11,0.84,0.05,2836.69,2.77
911.0,32.0,25.0,166.0,0.78,67.78,16.0,4.93,99.0,222.53,16.91,15.0,0.0,9.0,0.0,1.0,5.0,8.0,1281,2492,1092.0,52.33,0.53,0.02,0.96,0.01,3508.18,3.55
912.0,3.0,3.0,8.0,1.0,45.67,2.0,5.01,75.0,72.67,17.67,4.0,0.0,6.0,0.0,1.0,5.0,2.0,728,1665,1173.0,58.66,0.53,0.03,0.93,0.04,3100.0,3.5
913.0,13.0,3.0,24.0,0.23,10.08,3.0,4.57,110.0,108.69,25.23,0.0,0.0,1.0,0.0,1.0,0.0,0.0,494,2485,622.0,53.97,0.39,0.09,0.81,0.1,2966.09,2.45
914.0,4.0,4.0,14.0,1.0,55.75,3.0,5.01,102.5,96.25,21.25,5.0,0.0,3.0,0.0,1.0,0.0,0.0,552,2359,624.0,60.7,0.46,0.03,0.88,0.09,2650.0,3.0
915.0,36.0,36.0,173.0,1.0,27.47,9.0,5.46,68.5,97.56,21.39,7.0,0.0,5.0,0.0,2.0,3.0,0.0,906,2181,998.0,47.15,0.51,0.03,0.95,0.03,3177.27,3.27
916.0,3.0,2.0,7.0,0.67,74.0,2.0,2183.21,60.0,58.33,25.33,2.0,0.0,0.0,0.0,0.0,0.0,0.0,670,1615,1093.0,53.99,0.39,0.1,0.87,0.03,2805.0,3.1
917.0,11.0,10.0,46.0,0.91,49.18,5.0,6.38,50.0,67.18,19.55,5.0,0.0,2.0,0.0,0.0,1.0,0.0,523,1382,1028.0,65.72,0.49,0.03,0.94,0.02,2625.0,3.0
918.0,17.0,17.0,58.0,1.0,49.24,6.0,2182.8,50.0,89.76,14.0,3.0,0.0,8.0,0.0,3.0,0.0,0.0,697,2226,867.0,61.8,0.46,0.06,0.88,0.06,2121.88,1.0
919.0,4.0,4.0,32.0,1.0,15.75,2.0,6.99,127.5,197.0,22.75,3.0,0.0,1.0,0.0,1.0,0.0,0.0,758,3265,609.0,62.2,0.43,0.04,0.86,0.1,3266.67,3.67
920.0,11.0,11.0,46.0,1.0,13.0,4.0,6.88,78.0,165.82,18.45,6.0,1.0,0.0,0.0,1.0,7.0,0.0,864,2985,963.0,69.58,0.52,0.03,0.91,0.07,3375.0,4.0
921.01,8.0,7.0,41.0,0.88,42.12,8.0,6.97,88.0,104.12,13.5,8.0,0.0,2.0,0.0,0.0,5.0,0.0,1700,4250,997.0,47.64,0.47,0.08,0.88,0.04,2475.0,2.36
922.0,12.0,10.0,39.0,0.83,70.08,6.0,7.14,88.5,96.08,18.08,10.0,0.0,7.0,0.0,0.0,0.0,3.0,795,2027,1162.0,66.86,0.61,0.03,0.92,0.05,3625.8,2.6
923.0,4.0,4.0,15.0,1.0,67.75,3.0,7.21,77.5,81.25,20.25,2.0,0.0,3.0,0.0,1.0,32.0,2.0,610,2059,791.0,59.69,0.49,0.05,0.89,0.06,2500.0,3.0
924.0,1.0,1.0,2.0,1.0,5.0,1.0,7.59,44.0,44.0,0.0,3.0,0.0,4.0,0.0,0.0,1.0,0.0,801,3964,701.0,59.51,0.39,0.04,0.88,0.08,2275.0,2.5
1001.0,3.0,3.0,8.0,1.0,14.33,2.0,7.76,51.0,58.33,5.33,0.0,0.0,1.0,0.0,2.0,0.0,0.0,850,3893,659.0,51.81,0.41,0.05,0.83,0.12,2416.67,2.83
1002.0,1.0,1.0,2.0,1.0,8.0,1.0,8.94,60.0,60.0,23.0,1.0,0.0,0.0,0.0,0.0,0.0,0.0,621,2225,646.0,55.52,0.45,0.02,0.88,0.1,2000.0,3.0
1003.0,,,,,,,,,,,0.0,0.0,1.0,0.0,0.0,0.0,0.0,810,2508,772.0,58.49,0.53,0.02,0.91,0.06,2350.0,2.67
1004.0,18.0,17.0,52.0,0.94,59.94,7.0,9.04,55.0,69.33,15.94,8.0,0.0,6.0,0.0,3.0,2.0,0.0,990,2174,1241.0,63.85,0.64,0.02,0.97,0.02,2595.43,2.57
1005.0,11.0,11.0,31.0,1.0,73.09,5.0,7.93,75.0,106.64,13.45,7.0,0.0,6.0,0.0,1.0,7.0,0.0,1350,4204,838.0,58.5,0.45,0.04,0.91,0.06,2545.33,2.53
1006.01,12.0,11.0,50.0,0.92,119.5,6.0,7.8,87.0,107.08,20.42,5.0,0.0,5.0,0.0,0.0,3.0,0.0,1446,2550,1103.0,52.95,0.58,0.02,0.98,0.01,2533.33,2.67
1006.03,2.0,2.0,4.0,1.0,24.0,1.0,7.72,112.5,112.5,0.0,2.0,0.0,2.0,0.0,0.0,0.0,0.0,871,2604,799.0,42.48,0.48,0.1,0.83,0.07,2542.62,1.76
1007.0,5.0,5.0,10.0,1.0,47.2,3.0,2183.89,39.0,60.2,13.8,2.0,0.0,2.0,0.0,3.0,0.0,0.0,1499,3454,916.0,54.79,0.62,0.05,0.91,0.03,2116.67,2.0
1008.0,10.0,9.0,25.0,0.9,81.1,5.0,2183.72,45.5,52.8,18.1,6.0,0.0,6.0,0.0,1.0,1.0,1.0,1658,4004,895.0,52.82,0.64,0.02,0.95,0.03,2258.64,1.36
1009.0,13.0,13.0,45.0,1.0,44.77,6.0,9.58,70.0,71.54,24.23,8.0,0.0,4.0,0.0,2.0,0.0,0.0,1273,2458,1026.0,51.67,0.65,0.03,0.94,0.03,2566.11,1.67
1010.01,5.0,5.0,9.0,1.0,49.8,3.0,9.54,48.0,44.6,15.2,3.0,0.0,3.0,0.0,1.0,1.0,0.0,1591,7813,379.0,60.32,0.53,0.03,0.85,0.12,2200.0,1.5
1010.02,7.0,7.0,16.0,1.0,61.0,3.0,28.26,80.0,69.71,0.71,1.0,0.0,2.0,0.0,1.0,0.0,0.0,918,2806,866.0,56.63,0.62,0.03,0.92,0.04,3000.0,3.0
1011.01,6.0,6.0,30.0,1.0,107.0,3.0,9.33,73.0,84.33,7.67,2.0,0.0,4.0,0.0,3.0,0.0,0.0,605,1466,1250.0,67.1,0.55,0.02,0.96,0.02,2275.0,2.5
1011.02,6.0,6.0,24.0,1.0,45.17,4.0,9.69,53.0,85.0,21.0,1.0,0.0,1.0,0.0,2.0,39.0,0.0,761,2576,1016.0,62.27,0.44,0.04,0.9,0.05,2475.0,3.14
1101.03,19.0,15.0,81.0,0.79,122.26,13.0,8.24,112.0,136.53,8.47,13.0,0.0,4.0,0.0,3.0,0.0,2.0,1549,3764,790.0,47.65,0.49,0.06,0.91,0.04,3119.5,3.06
1102.01,6.0,3.0,19.0,0.5,28.5,3.0,9.87,74.0,108.0,14.67,2.0,0.0,0.0,0.0,0.0,0.0,0.0,461,1212,762.0,53.59,0.56,0.04,0.92,0.03,3603.5,2.5
1103.01,2.0,2.0,8.0,1.0,17.0,2.0,1096.55,174.0,174.0,13.5,4.0,0.0,3.0,0.0,1.0,0.0,0.0,916,1676,950.0,47.92,0.64,0.04,0.93,0.03,2911.25,3.0
1104.01,3.0,3.0,8.0,1.0,72.33,3.0,9.88,69.0,114.67,16.0,4.0,0.0,1.0,0.0,0.0,0.0,0.0,997,2101,864.0,52.61,0.61,0.02,0.95,0.03,2440.0,2.8
1104.03,7.0,6.0,22.0,0.86,58.71,7.0,10.86,75.0,99.71,12.86,6.0,0.0,2.0,0.0,3.0,7.0,0.0,1418,2564,963.0,56.61,0.72,0.0,0.97,0.02,3274.75,2.5
1105.01,2.0,2.0,6.0,1.0,55.0,2.0,11.2,87.5,87.5,5.0,3.0,0.0,6.0,0.0,0.0,0.0,0.0,1103,1535,1281.0,54.74,0.71,0.01,0.99,0.0,2850.0,3.25
1105.02,15.0,11.0,38.0,0.73,36.6,9.0,10.54,65.0,89.8,15.07,9.0,0.0,2.0,0.0,0.0,0.0,0.0,1301,2334,1090.0,53.03,0.59,0.06,0.93,0.01,2480.0,1.56
1106.01,4.0,4.0,27.0,1.0,55.0,3.0,10.28,184.5,341.0,11.75,4.0,0.0,4.0,0.0,0.0,0.0,0.0,1061,1835,1128.0,47.61,0.81,0.0,0.98,0.02,2491.67,1.67
1106.07,11.0,11.0,42.0,1.0,77.82,9.0,9.95,125.0,131.82,10.0,5.0,0.0,4.0,0.0,0.0,0.0,0.0,1899,3658,966.0,51.06,0.63,0.03,0.95,0.03,2140.0,2.4
1201.03,16.0,15.0,63.0,0.94,55.38,14.0,7.33,194.0,201.19,14.81,10.0,0.0,5.0,0.0,0.0,1.0,0.0,681,974,1496.0,37.0,0.65,0.04,0.95,0.01,4700.0,4.62
1201.04,11.0,11.0,42.0,1.0,132.36,8.0,7.68,125.0,145.0,15.09,9.0,0.0,6.0,0.0,3.0,0.0,2.0,850,1345,840.0,35.97,0.52,0.0,0.98,0.02,2594.74,2.21
1201.05,8.0,8.0,37.0,1.0,21.62,7.0,7.93,157.5,176.12,18.5,7.0,0.0,3.0,0.0,2.0,0.0,0.0,1017,1466,1820.0,40.3,0.75,0.01,0.96,0.03,4249.5,3.0
1202.01,16.0,12.0,71.0,0.75,50.5,15.0,7.33,147.5,193.12,10.12,8.0,0.0,4.0,0.0,3.0,0.0,0.0,1164,3057,938.0,39.69,0.49,0.06,0.9,0.04,2877.64,2.1
1203.01,24.0,19.0,83.0,0.79,68.21,17.0,6.4,100.0,161.62,16.17,17.0,0.0,9.0,0.0,5.0,4.0,0.0,1503,5771,542.0,42.2,0.5,0.03,0.92,0.05,3326.66,2.5
1204.0,35.0,31.0,117.0,0.89,84.34,32.0,6.76,120.0,157.06,12.74,32.0,1.0,16.0,0.0,5.0,3.0,0.0,2303,5430,821.0,35.29,0.56,0.02,0.94,0.04,3371.33,2.97
1205.0,6.0,5.0,21.0,0.83,86.17,5.0,5.83,155.0,170.5,8.33,6.0,0.0,9.0,0.0,1.0,2.0,0.0,631,1452,821.0,37.07,0.44,0.03,0.94,0.03,3297.71,3.06
1206.0,14.0,11.0,31.0,0.79,154.79,10.0,6.27,95.0,109.43,9.79,13.0,0.0,11.0,0.0,2.0,0.0,1.0,828,1778,838.0,41.25,0.54,0.02,0.96,0.02,3814.12,2.8
1207.0,4.0,1.0,9.0,0.25,10.25,2.0,2179.8,55.0,86.25,22.5,1.0,0.0,1.0,0.0,0.0,0.0,0.0,537,1802,901.0,38.08,0.47,0.01,0.94,0.05,3183.89,2.51
1301.0,5.0,3.0,14.0,0.6,35.4,5.0,2175.49,90.0,87.8,7.4,3.0,1.0,6.0,0.0,0.0,0.0,0.0,2747,5269,782.0,48.79,0.67,0.01,0.96,0.03,2693.93,1.63
1302.0,4.0,4.0,18.0,1.0,111.5,4.0,11.25,157.5,165.0,7.75,5.0,0.0,5.0,0.0,0.0,1.0,0.0,1741,2584,1444.0,56.56,0.72,0.04,0.95,0.01,2861.36,2.55
1303.0,9.0,9.0,23.0,1.0,79.89,5.0,12.11,54.0,108.56,8.44,5.0,0.0,2.0,0.0,0.0,0.0,0.0,1731,2464,1400.0,53.32,0.74,0.02,0.96,0.02,2949.17,3.17
1304.02,5.0,2.0,19.0,0.4,70.8,3.0,13.05,80.0,99.0,10.2,6.0,0.0,0.0,0.0,2.0,0.0,2.0,1985,3095,1270.0,48.75,0.63,0.06,0.92,0.02,2585.0,2.0
1304.04,4.0,4.0,10.0,1.0,105.75,3.0,12.68,44.0,62.75,24.0,1.0,0.0,1.0,0.0,0.0,0.0,0.0,1634,9790,181.0,44.92,0.42,0.02,0.81,0.17,2524.86,2.43
1304.06,3.0,3.0,7.0,1.0,12.0,1.0,14.12,60.0,56.67,28.67,1.0,0.0,0.0,0.0,0.0,0.0,0.0,832,3285,520.0,44.14,0.61,0.02,0.92,0.06,2236.25,1.67
1401.02,,,,,,,,,,,0.0,0.0,0.0,0.0,2.0,1.0,0.0,1720,4053,838.0,46.88,0.6,0.05,0.91,0.04,,
1401.05,3.0,3.0,8.0,1.0,60.33,3.0,11.94,79.0,70.0,16.33,4.0,0.0,10.0,0.0,1.0,1.0,0.0,1173,2925,610.0,57.43,0.71,0.04,0.92,0.04,,
1401.06,6.0,5.0,15.0,0.83,30.67,2.0,11.24,47.5,66.0,23.83,1.0,0.0,6.0,0.0,1.0,0.0,0.0,107,748,1207.0,55.54,0.56,0.06,0.86,0.08,2400.0,2.0
1401.07,1.0,1.0,2.0,1.0,30.0,1.0,13.09,55.0,55.0,9.0,1.0,0.0,1.0,0.0,2.0,0.0,0.0,792,2143,650.0,61.64,0.66,0.01,0.93,0.06,,
1402.01,1.0,1.0,3.0,1.0,8.0,1.0,14.89,42.0,42.0,0.0,3.0,0.0,0.0,0.0,0.0,0.0,0.0,580,1931,968.0,59.0,0.55,0.12,0.82,0.06,,
1402.02,6.0,5.0,11.0,0.83,54.0,3.0,13.84,53.5,60.33,15.0,2.0,3.0,0.0,0.0,0.0,0.0,0.0,1510,2689,1065.0,59.64,0.75,0.0,0.97,0.02,,
1403.0,4.0,2.0,18.0,0.5,38.75,4.0,1071.7,145.0,151.0,0.5,2.0,0.0,0.0,0.0,2.0,1.0,0.0,1588,4722,968.0,57.82,0.57,0.08,0.86,0.06,2159.0,2.4
1404.0,5.0,5.0,13.0,1.0,56.4,4.0,26.04,69.0,90.0,18.2,5.0,0.0,2.0,0.0,3.0,5.0,0.0,2402,4676,808.0,57.71,0.64,0.02,0.95,0.02,2234.38,2.12
9801.01,,,,,,,,,,,,,,,,,,27,777,51.0,86.5,0.0,0.0,0.04,0.96,,
9803.0,,,,,,,,,,,,,,,,,,6,46,2374.0,118.0,0.0,0.17,0.0,0.83,2905.0,3.11
9807.0,,,,,,,,,,,,,,,,,,28,706,53.0,109.0,0.0,0.0,0.04,0.96,,
9810.0,,,,,,,,,,,,,,,,,,13,278,96.0,93.0,0.0,0.0,0.08,0.92,2450.0,2.0
9811.0,,,,,,,,,,,,,,,,,,71,979,379.0,31.61,0.24,0.0,0.35,0.65,,
9812.01,,,,,,,,,,,,,,,,,,19,209,397.0,92.86,0.0,0.26,0.0,0.74,2870.0,1.0
9812.02,2.0,2.0,5.0,1.0,57.0,2.0,1094.32,207.0,207.0,9.0,,,,,,,,102,1575,3396.0,37.62,0.0,0.43,0.01,0.56,,
9813.0,4.0,4.0,11.0,1.0,11.0,3.0,2.42,117.0,126.0,12.75,,,,,,,,332,2332,115.0,15.78,0.46,0.0,0.77,0.23,3054.38,1.62
9815.01,6.0,1.0,19.0,0.17,10.17,5.0,2.57,279.0,482.83,16.33,,,,,,,,12,130,545.0,37.8,0.0,0.0,0.0,1.0,3870.0,1.29
9815.02,,,,,,,,,,,,,,,,,,3,13,30174.0,23.5,0.0,1.0,0.0,0.0,,
9816.0,,,,,,,,,,,,,,,,,,9,102,458.0,13.25,0.0,0.56,0.0,0.44,,
9817.0,,,,,,,,,,,,,,,,,,7,7,50000.0,67.0,0.0,0.43,0.0,0.57,3100.0,2.0
9818.0,22.0,10.0,90.0,0.45,9.18,7.0,2179.69,208.5,252.82,13.23,,,,,,,,11,126,126.0,53.5,0.0,0.0,0.0,1.0,4181.86,1.7
9901.01,,,,,,,,,,,,,,,,,,2,30,0.0,,0.0,0.0,0.0,1.0,,
