air_scraped,air_Neighborhood,air_Count Listings,air_Sum Accomodations,air_Count Licensed,air_Count Exempt,air_Pct. Licensed,air_Pct. License Exempt,air_Avg. Reviews/Listing,air_Unique Hosts (count),air_Med. Host Distance (km.),air_Med. Price,air_Avg. Price,air_Avg. Avlblty / Next 30d
2015-10-03,Allston,127,319,0,0,0.0,0.0,9.98,86,6.21,95.0,117.69,7.55
2015-10-03,Back Bay,205,593,0,0,0.0,0.0,10.35,150,2.67,210.0,248.67,7.67
2015-10-03,Bay Village,12,38,0,0,0.0,0.0,14.42,9,1.56,172.0,279.42,8.75
2015-10-03,Beacon Hill,146,393,0,0,0.0,0.0,16.78,102,0.94,186.5,217.35,6.3
2015-10-03,Brighton,123,339,0,0,0.0,0.0,13.39,92,7.92,99.0,117.91,7.62
2015-10-03,Charlestown,67,216,0,0,0.0,0.0,22.19,59,2.06,198.0,228.36,7.39
2015-10-03,Chinatown,26,93,0,0,0.0,0.0,12.69,21,1.37,262.5,277.69,7.96
2015-10-03,Dorchester,163,418,0,0,0.0,0.0,26.31,93,5.87,75.0,104.72,8.75
2015-10-03,Downtown,99,305,0,0,0.0,0.0,14.05,68,0.82,239.0,238.87,9.11
2015-10-03,East Boston,88,247,0,0,0.0,0.0,26.26,65,2.88,105.0,131.59,8.86
2015-10-03,Fenway,174,507,0,0,0.0,0.0,8.01,111,4.13,200.0,256.34,14.1
2015-10-03,Hyde Park,21,59,0,0,0.0,0.0,7.86,12,13.29,65.0,104.71,13.33
2015-10-03,Jamaica Plain,236,747,0,0,0.0,0.0,21.81,192,6.88,110.0,142.83,7.48
2015-10-03,Leather District,6,23,0,0,0.0,0.0,26.5,5,1092.77,464.5,431.33,23.33
2015-10-03,Longwood Medical Area,6,17,0,0,0.0,0.0,25.0,5,4.48,130.0,131.83,6.83
2015-10-03,Mattapan,17,46,0,0,0.0,0.0,14.82,10,9.18,69.0,82.71,19.76
2015-10-03,Mission Hill,61,143,0,0,0.0,0.0,15.43,45,5.24,103.0,140.44,8.95
2015-10-03,North End,104,326,0,0,0.0,0.0,23.12,74,0.8,189.5,194.38,5.88
2015-10-03,Roslindale,50,129,0,0,0.0,0.0,21.8,36,10.25,76.5,93.12,9.38
2015-10-03,Roxbury,112,333,0,0,0.0,0.0,21.77,65,4.5,110.0,148.13,9.02
2015-10-03,South Boston,114,375,0,0,0.0,0.0,19.93,95,3.25,165.0,191.62,6.81
2015-10-03,South Boston Waterfront,37,124,0,0,0.0,0.0,8.92,25,307.05,255.0,310.16,8.57
2015-10-03,South End,251,726,0,0,0.0,0.0,13.2,158,2.8,190.0,216.96,7.0
2015-10-03,West End,40,113,0,0,0.0,0.0,10.0,23,0.87,200.0,236.98,12.58
2015-10-03,West Roxbury,13,41,0,0,0.0,0.0,21.38,12,12.96,100.0,120.0,10.69
2016-09-07,Allston,239,595,0,0,0.0,0.0,11.99,154,6.26,80.0,108.03,5.54
2016-09-07,Back Bay,297,969,0,0,0.0,0.0,14.72,176,2.66,210.0,242.79,9.41
2016-09-07,Bay Village,24,85,0,0,0.0,0.0,10.04,17,1.52,206.5,266.83,10.33
2016-09-07,Beacon Hill,191,546,0,0,0.0,0.0,21.21,137,0.9,195.0,225.82,5.1
2016-09-07,Brighton,179,490,0,0,0.0,0.0,16.68,140,7.92,90.0,119.39,7.8
2016-09-07,Charlestown,88,292,0,0,0.0,0.0,21.34,74,2.1,197.0,212.81,6.59
2016-09-07,Chinatown,71,265,0,0,0.0,0.0,9.42,28,2184.05,219.0,232.35,17.73
2016-09-07,Dorchester,255,675,0,0,0.0,0.0,28.63,136,6.93,75.0,93.03,8.15
2016-09-07,Downtown,170,619,0,0,0.0,0.0,14.78,106,4.64,225.0,236.4,8.99
2016-09-07,East Boston,149,432,0,0,0.0,0.0,36.84,97,2.63,99.0,117.94,10.19
2016-09-07,Fenway,289,859,0,0,0.0,0.0,9.74,169,26.2,192.0,221.0,12.87
2016-09-07,Hyde Park,31,77,0,0,0.0,0.0,12.13,22,12.98,58.0,86.55,8.9
2016-09-07,Jamaica Plain,341,1089,0,0,0.0,0.0,26.55,268,6.94,100.0,138.59,6.66
2016-09-07,Leather District,5,14,0,0,0.0,0.0,13.8,3,0.98,245.0,253.6,11.0
2016-09-07,Longwood Medical Area,5,12,0,0,0.0,0.0,78.4,4,4.58,84.0,98.4,7.8
2016-09-07,Mattapan,29,70,0,0,0.0,0.0,14.1,15,8.77,65.0,74.52,12.59
2016-09-07,Mission Hill,119,290,0,0,0.0,0.0,12.29,81,5.08,89.0,119.69,6.58
2016-09-07,North End,142,481,0,0,0.0,0.0,31.56,105,0.81,179.5,196.18,4.9
2016-09-07,Roslindale,56,172,0,0,0.0,0.0,24.77,44,10.15,76.5,98.43,9.46
2016-09-07,Roxbury,144,461,0,0,0.0,0.0,26.92,83,4.5,100.0,147.76,9.71
2016-09-07,South Boston,174,607,0,0,0.0,0.0,22.13,124,3.24,150.0,187.61,7.95
2016-09-07,South Boston Waterfront,83,306,0,0,0.0,0.0,8.96,51,306.89,245.0,306.06,13.48
2016-09-07,South End,321,932,0,0,0.0,0.0,17.56,205,2.75,183.0,205.29,6.17
2016-09-07,West End,47,182,0,0,0.0,0.0,3.32,18,2183.73,199.0,210.74,20.26
2016-09-07,West Roxbury,44,136,0,0,0.0,0.0,15.43,36,12.97,90.0,109.41,11.8
2017-10-06,Allston,290,787,0,0,0.0,0.0,16.32,184,6.42,78.0,98.58,6.17
2017-10-06,Back Bay,388,1295,0,0,0.0,0.0,22.39,218,2.65,200.0,238.69,7.98
2017-10-06,Bay Village,28,103,0,0,0.0,0.0,24.5,23,1.49,189.5,294.21,6.82
2017-10-06,Beacon Hill,262,806,0,0,0.0,0.0,27.27,174,0.89,188.5,202.85,5.35
2017-10-06,Brighton,279,778,0,0,0.0,0.0,19.33,203,8.0,80.0,107.26,7.41
2017-10-06,Charlestown,144,518,0,0,0.0,0.0,20.81,113,2.51,195.0,229.84,7.94
2017-10-06,Chinatown,122,545,0,0,0.0,0.0,7.42,32,1462.97,193.5,252.51,17.11
2017-10-06,Dorchester,381,1141,0,0,0.0,0.0,31.92,200,7.04,75.0,100.27,8.95
2017-10-06,Downtown,293,1118,0,0,0.0,0.0,20.65,153,30.87,200.0,252.63,9.58
2017-10-06,East Boston,254,807,0,0,0.0,0.0,47.94,145,2.79,98.0,117.42,7.09
2017-10-06,Fenway,329,1072,0,0,0.0,0.0,11.03,178,29.93,169.0,205.8,10.93
2017-10-06,Hyde Park,44,121,0,0,0.0,0.0,22.14,29,13.74,57.5,79.39,8.82
2017-10-06,Jamaica Plain,409,1364,0,0,0.0,0.0,33.32,306,7.09,110.0,141.51,7.34
2017-10-06,Leather District,10,31,0,0,0.0,0.0,10.2,8,1.07,257.5,248.1,11.5
2017-10-06,Longwood Medical Area,5,13,0,0,0.0,0.0,145.8,4,4.58,100.0,116.2,6.2
2017-10-06,Mattapan,43,120,0,0,0.0,0.0,23.6,18,8.91,61.0,72.05,11.67
2017-10-06,Mission Hill,131,375,0,0,0.0,0.0,11.53,86,5.38,100.0,129.37,8.93
2017-10-06,North End,200,796,0,0,0.0,0.0,43.84,117,0.8,162.5,184.52,7.17
2017-10-06,Roslindale,96,312,0,0,0.0,0.0,19.9,67,10.5,75.0,97.14,10.14
2017-10-06,Roxbury,242,796,0,0,0.0,0.0,27.55,126,4.78,90.5,127.22,9.28
2017-10-06,South Boston,261,1101,0,0,0.0,0.0,27.02,170,3.34,150.0,198.36,7.69
2017-10-06,South Boston Waterfront,65,217,0,0,0.0,0.0,13.82,40,308.8,255.0,328.06,10.83
2017-10-06,South End,347,1048,0,0,0.0,0.0,30.21,231,2.73,195.0,215.43,6.47
2017-10-06,West End,59,221,0,0,0.0,0.0,2.86,18,2183.74,184.0,232.03,16.12
2017-10-06,West Roxbury,66,205,0,0,0.0,0.0,24.36,49,12.44,90.0,123.82,10.71
2018-04-14,Allston,24,80,0,0,0.0,0.0,8.42,23,6.52,119.5,125.0,2.92
2018-04-14,Back Bay,30,113,0,0,0.0,0.0,9.27,16,304.19,240.0,243.57,16.6
2018-04-14,Brighton,34,129,0,0,0.0,0.0,17.79,28,7.39,115.0,157.74,7.59
2018-04-14,Charlestown,4,14,0,0,0.0,0.0,8.75,3,1.43,307.0,278.5,8.25
2018-04-14,Dorchester,102,520,0,0,0.0,0.0,24.53,73,5.92,132.0,145.53,9.71
2018-04-14,Downtown,12,35,0,0,0.0,0.0,4.33,10,2184.1,194.0,201.17,14.25
2018-04-14,East Boston,2,4,0,0,0.0,0.0,28.0,2,2.57,91.5,91.5,15.0
2018-04-14,Fenway,23,74,0,0,0.0,0.0,8.57,11,2180.91,129.0,145.52,20.09
2018-04-14,Jamaica Plain,52,185,0,0,0.0,0.0,9.73,14,2179.7,159.0,169.94,20.71
2018-04-14,Longwood Medical Area,1,3,0,0,0.0,0.0,2.0,1,1040.78,130.0,130.0,5.0
2018-04-14,Mattapan,5,26,0,0,0.0,0.0,19.4,5,8.98,80.0,108.2,13.0
2018-04-14,Mission Hill,102,451,0,0,0.0,0.0,4.74,35,2179.72,175.0,180.4,18.77
2018-04-14,North End,18,59,0,0,0.0,0.0,29.06,18,7.15,175.0,189.67,8.5
2018-04-14,Roxbury,110,443,0,0,0.0,0.0,22.47,70,4.84,105.0,135.26,8.7
2018-04-14,South Boston,138,767,0,0,0.0,0.0,22.44,91,3.43,196.0,242.17,12.5
2018-04-14,South Boston Waterfront,1,1,0,0,0.0,0.0,1.0,1,1.81,70.0,70.0,0.0
2018-04-14,South End,25,78,0,0,0.0,0.0,27.2,21,2.96,140.0,160.48,11.96
2018-04-14,West End,6,26,0,0,0.0,0.0,1.83,5,306.34,173.0,270.67,13.17
2018-04-15,Allston,312,895,0,0,0.0,0.0,17.3,178,6.39,80.0,115.45,9.1
2018-04-15,Back Bay,457,1531,0,0,0.0,0.0,22.27,237,2.69,199.0,251.35,10.8
2018-04-15,Bay Village,24,86,0,0,0.0,0.0,39.25,19,1.46,176.5,240.62,7.33
2018-04-15,Beacon Hill,261,814,0,0,0.0,0.0,32.4,178,0.91,179.0,201.36,7.72
2018-04-15,Brighton,319,907,0,0,0.0,0.0,20.57,210,8.08,75.0,105.26,10.72
2018-04-15,Charlestown,143,498,0,0,0.0,0.0,23.66,117,2.49,190.0,232.9,7.66
2018-04-15,Chinatown,239,925,0,0,0.0,0.0,6.9,41,2184.18,175.0,211.53,24.01
2018-04-15,Dorchester,309,848,0,0,0.0,0.0,38.51,171,7.34,70.0,84.7,13.13
2018-04-15,Downtown,349,1310,0,0,0.0,0.0,23.66,155,2183.99,199.0,258.05,12.97
2018-04-15,East Boston,292,962,0,0,0.0,0.0,47.75,173,2.74,95.5,127.84,11.47
2018-04-15,Fenway,462,1524,0,0,0.0,0.0,11.61,189,405.69,179.0,243.6,15.92
2018-04-15,Hyde Park,53,140,0,0,0.0,0.0,21.83,38,13.83,55.0,76.23,12.64
2018-04-15,Jamaica Plain,426,1446,0,0,0.0,0.0,34.38,316,7.0,100.0,137.38,8.16
2018-04-15,Leather District,8,23,0,0,0.0,0.0,9.12,6,1.01,217.5,210.25,9.5
2018-04-15,Longwood Medical Area,7,18,0,0,0.0,0.0,125.14,5,4.7,100.0,193.43,8.86
2018-04-15,Mattapan,47,132,0,0,0.0,0.0,25.45,20,9.03,60.0,69.15,15.62
2018-04-15,Mission Hill,100,271,0,0,0.0,0.0,15.73,80,5.22,73.0,98.74,7.44
2018-04-15,North End,208,882,0,0,0.0,0.0,52.94,115,0.8,150.0,176.61,9.43
2018-04-15,Roslindale,113,342,0,0,0.0,0.0,21.22,76,10.51,70.0,93.54,12.54
2018-04-15,Roxbury,154,469,0,0,0.0,0.0,36.29,100,4.74,84.0,122.14,10.97
2018-04-15,South Boston,168,566,0,0,0.0,0.0,31.46,117,3.36,135.0,169.16,11.58
2018-04-15,South Boston Waterfront,49,150,0,0,0.0,0.0,21.49,40,2.5,200.0,295.94,9.43
2018-04-15,South End,399,1211,0,0,0.0,0.0,28.83,248,2.71,176.0,214.98,9.29
2018-04-15,West End,128,415,0,0,0.0,0.0,9.3,42,306.18,168.0,192.16,18.73
2018-04-15,West Roxbury,61,199,0,0,0.0,0.0,30.97,46,12.65,90.0,119.89,13.66
2018-05-17,Allston,316,934,0,0,0.0,0.0,16.63,191,6.44,80.0,127.19,7.45
2018-05-17,Back Bay,424,1443,0,0,0.0,0.0,22.36,228,2.67,199.0,244.18,8.17
2018-05-17,Bay Village,23,89,0,0,0.0,0.0,39.65,19,1.49,175.0,238.26,4.57
2018-05-17,Beacon Hill,243,771,0,0,0.0,0.0,32.14,165,0.91,180.0,203.5,6.39
2018-05-17,Brighton,319,948,0,0,0.0,0.0,22.52,209,7.92,80.0,110.68,9.76
2018-05-17,Charlestown,137,506,0,0,0.0,0.0,25.09,112,2.35,190.0,225.71,6.33
2018-05-17,Chinatown,209,807,0,0,0.0,0.0,7.46,36,2184.18,175.0,209.72,20.81
2018-05-17,Dorchester,400,1317,0,0,0.0,0.0,32.03,213,6.91,75.0,96.42,9.6
2018-05-17,Downtown,313,1187,0,0,0.0,0.0,24.82,144,2183.99,200.0,247.12,10.39
2018-05-17,East Boston,264,888,0,0,0.0,0.0,50.44,154,2.74,95.5,119.64,8.05
2018-05-17,Fenway,444,1462,0,0,0.0,0.0,11.04,189,423.09,179.0,238.25,14.61
2018-05-17,Hyde Park,46,134,0,0,0.0,0.0,24.41,35,13.63,55.0,77.11,9.98
2018-05-17,Jamaica Plain,440,1469,0,0,0.0,0.0,31.59,311,7.15,114.5,142.23,7.88
2018-05-17,Leather District,6,16,0,0,0.0,0.0,8.5,4,1.01,212.0,205.5,8.67
2018-05-17,Longwood Medical Area,8,21,0,0,0.0,0.0,113.12,6,4.75,107.0,185.5,5.12
2018-05-17,Mattapan,55,162,0,0,0.0,0.0,23.56,27,9.03,60.0,70.35,11.38
2018-05-17,Mission Hill,174,615,0,0,0.0,0.0,9.39,84,301.06,125.0,139.77,12.18
2018-05-17,North End,198,827,0,0,0.0,0.0,56.38,114,0.85,158.5,180.71,6.48
2018-05-17,Roslindale,94,291,0,0,0.0,0.0,21.3,63,10.44,75.0,95.24,8.64
2018-05-17,Roxbury,258,841,0,0,0.0,0.0,29.64,137,4.82,80.0,119.56,9.84
2018-05-17,South Boston,288,1298,0,0,0.0,0.0,27.63,179,3.4,173.0,211.57,9.58
2018-05-17,South Boston Waterfront,41,131,0,0,0.0,0.0,19.41,33,6.04,200.0,301.68,8.95
2018-05-17,South End,357,1055,0,0,0.0,0.0,30.38,235,2.71,175.0,202.36,6.74
2018-05-17,West End,122,426,0,0,0.0,0.0,10.39,40,306.21,171.0,200.48,16.14
2018-05-17,West Roxbury,56,181,0,0,0.0,0.0,34.73,43,12.78,89.5,120.05,8.88
2018-05-18,Allston,40,93,0,0,0.0,0.0,20.98,34,6.24,59.5,82.32,5.03
2018-05-18,Back Bay,36,129,0,0,0.0,0.0,27.58,33,2.73,206.5,269.33,9.25
2018-05-18,Bay Village,2,11,0,0,0.0,0.0,37.5,2,2044.39,249.5,249.5,1.0
2018-05-18,Beacon Hill,23,64,0,0,0.0,0.0,34.96,22,0.86,160.0,192.22,4.0
2018-05-18,Brighton,34,80,0,0,0.0,0.0,16.76,31,8.93,70.0,109.41,6.0
2018-05-18,Charlestown,16,49,0,0,0.0,0.0,12.12,16,25.89,187.5,219.75,6.88
2018-05-18,Chinatown,26,97,0,0,0.0,0.0,7.96,10,2184.19,182.0,225.96,23.27
2018-05-18,Dorchester,45,147,0,0,0.0,0.0,51.16,37,7.19,70.0,100.0,12.02
2018-05-18,Downtown,41,156,0,0,0.0,0.0,17.49,26,2184.02,182.0,226.12,9.85
2018-05-18,East Boston,29,82,0,0,0.0,0.0,59.79,27,2.93,115.0,229.41,8.31
2018-05-18,Fenway,41,130,0,0,0.0,0.0,13.51,30,302.59,169.0,222.1,12.49
2018-05-18,Hyde Park,5,9,0,0,0.0,0.0,13.6,5,50.03,51.0,62.2,15.6
2018-05-18,Jamaica Plain,55,212,0,0,0.0,0.0,30.69,48,7.18,128.0,144.38,7.33
2018-05-18,Leather District,1,4,0,0,0.0,0.0,21.0,1,1.14,190.0,190.0,3.0
2018-05-18,Mattapan,5,12,0,0,0.0,0.0,34.0,5,9.18,75.0,75.0,13.8
2018-05-18,Mission Hill,29,125,0,0,0.0,0.0,13.34,22,5.57,148.0,139.28,12.76
2018-05-18,North End,21,83,0,0,0.0,0.0,43.86,15,0.77,139.0,138.67,3.81
2018-05-18,Roslindale,17,43,0,0,0.0,0.0,21.12,17,10.53,65.0,74.94,7.76
2018-05-18,Roxbury,28,97,0,0,0.0,0.0,25.18,26,4.89,100.0,116.39,5.71
2018-05-18,South Boston,22,78,0,0,0.0,0.0,34.59,19,3.5,138.5,179.68,8.32
2018-05-18,South Boston Waterfront,7,16,0,0,0.0,0.0,35.14,7,2.4,160.0,168.57,4.29
2018-05-18,South End,38,140,0,0,0.0,0.0,47.5,34,2.4,197.5,253.82,6.26
2018-05-18,West End,16,64,0,0,0.0,0.0,3.25,9,1.09,250.0,279.44,21.81
2018-05-18,West Roxbury,6,18,0,0,0.0,0.0,3.5,6,11.74,104.0,98.83,14.0
2018-05-19,Allston,1,2,0,0,0.0,0.0,6.0,1,2178.66,70.0,70.0,13.0
2018-05-19,Back Bay,1,2,0,0,0.0,0.0,25.0,1,1.84,150.0,150.0,0.0
2018-05-19,Fenway,1,4,0,0,0.0,0.0,3.0,1,3.56,250.0,250.0,0.0
2018-05-19,Jamaica Plain,1,4,0,0,0.0,0.0,1.0,1,6.92,250.0,250.0,0.0
2018-05-19,Mission Hill,1,1,0,0,0.0,0.0,1.0,1,4097.18,50.0,50.0,0.0
2018-05-19,Roslindale,1,4,0,0,0.0,0.0,37.0,1,10.51,120.0,120.0,2.0
2018-05-19,South End,1,6,0,0,0.0,0.0,29.0,1,2.99,250.0,250.0,8.0
2018-07-18,Allston,378,1085,0,0,0.0,0.0,18.79,210,6.46,80.0,156.16,5.64
2018-07-18,Back Bay,451,1531,0,0,0.0,0.0,26.38,232,2.65,200.0,249.76,7.24
2018-07-18,Bay Village,25,98,0,0,0.0,0.0,45.16,20,1.48,175.0,225.0,3.72
2018-07-18,Beacon Hill,263,812,0,0,0.0,0.0,32.1,170,0.91,175.0,193.7,6.12
2018-07-18,Brighton,366,1090,0,0,0.0,0.0,23.22,237,8.09,85.0,111.08,7.33
2018-07-18,Charlestown,149,552,0,0,0.0,0.0,26.28,116,2.43,189.0,223.21,5.91
2018-07-18,Chinatown,199,751,0,0,0.0,0.0,9.05,37,2184.18,191.0,236.83,16.89
2018-07-18,Dorchester,487,1623,0,0,0.0,0.0,36.75,235,7.02,75.0,102.29,8.92
2018-07-18,Downtown,358,1349,0,0,0.0,0.0,26.69,153,2184.0,200.0,252.94,9.94
2018-07-18,East Boston,289,967,0,0,0.0,0.0,54.08,172,2.78,99.0,120.9,7.33
2018-07-18,Fenway,485,1608,0,0,0.0,0.0,12.28,204,321.81,179.0,240.12,11.23
2018-07-18,Hyde Park,51,132,0,0,0.0,0.0,26.55,36,13.7,50.0,71.8,11.06
2018-07-18,Jamaica Plain,487,1655,0,0,0.0,0.0,33.38,336,7.13,115.0,144.87,6.36
2018-07-18,Leather District,8,23,0,0,0.0,0.0,10.75,7,0.97,184.5,195.75,7.12
2018-07-18,Longwood Medical Area,9,23,0,0,0.0,0.0,106.33,7,4.7,100.0,175.89,6.33
2018-07-18,Mattapan,55,161,0,0,0.0,0.0,29.93,26,8.98,63.0,69.93,10.27
2018-07-18,Mission Hill,211,771,0,0,0.0,0.0,12.9,100,301.06,130.0,169.75,8.71
2018-07-18,North End,223,927,0,0,0.0,0.0,61.05,123,0.83,155.0,178.07,4.92
2018-07-18,Roslindale,116,358,0,0,0.0,0.0,23.88,76,10.47,73.5,94.49,6.22
2018-07-18,Roxbury,308,968,0,0,0.0,0.0,30.87,154,4.84,79.0,118.85,8.43
2018-07-18,South Boston,311,1410,0,0,0.0,0.0,31.33,194,3.43,169.0,211.55,9.04
2018-07-18,South Boston Waterfront,45,133,0,0,0.0,0.0,23.11,38,1.98,175.0,305.58,5.76
2018-07-18,South End,395,1214,0,0,0.0,0.0,35.41,245,2.74,170.0,213.84,6.13
2018-07-18,West End,134,486,0,0,0.0,0.0,11.62,39,306.13,187.0,215.54,9.38
2018-07-18,West Roxbury,62,202,0,0,0.0,0.0,34.21,46,12.15,89.0,111.6,8.76
2018-08-17,Allston,377,1114,0,0,0.0,0.0,19.88,204,6.45,83.0,181.33,5.12
2018-08-17,Back Bay,455,1507,0,0,0.0,0.0,26.52,230,2.66,200.0,248.91,7.98
2018-08-17,Bay Village,26,103,0,0,0.0,0.0,46.58,21,1.49,175.0,235.58,3.81
2018-08-17,Beacon Hill,255,767,0,0,0.0,0.0,37.56,165,0.9,160.0,187.26,5.27
2018-08-17,Brighton,348,1024,0,0,0.0,0.0,25.61,226,8.12,88.0,122.07,5.37
2018-08-17,Charlestown,157,568,0,0,0.0,0.0,26.15,114,2.63,175.0,217.27,7.18
2018-08-17,Chinatown,145,569,0,0,0.0,0.0,11.98,32,2184.15,225.0,281.88,17.49
2018-08-17,Dorchester,479,1645,0,0,0.0,0.0,39.43,230,7.19,75.0,99.47,7.12
2018-08-17,Downtown,357,1365,0,0,0.0,0.0,27.69,152,2183.99,249.0,307.66,10.18
2018-08-17,East Boston,281,931,0,0,0.0,0.0,57.03,164,2.74,99.0,123.17,6.43
2018-08-17,Fenway,458,1531,0,0,0.0,0.0,13.86,189,302.84,188.5,250.47,12.12
2018-08-17,Hyde Park,56,156,0,0,0.0,0.0,26.05,40,14.9,57.5,77.61,9.36
2018-08-17,Jamaica Plain,486,1686,0,0,0.0,0.0,33.94,329,7.16,119.5,147.87,6.36
2018-08-17,Leather District,6,17,0,0,0.0,0.0,16.67,6,0.97,184.5,210.5,8.33
2018-08-17,Longwood Medical Area,9,23,0,0,0.0,0.0,109.78,7,4.7,100.0,175.89,5.56
2018-08-17,Mattapan,59,173,0,0,0.0,0.0,30.58,26,8.91,60.0,68.64,10.56
2018-08-17,Mission Hill,231,877,0,0,0.0,0.0,9.52,102,301.08,160.0,180.35,10.97
2018-08-17,North End,223,915,0,0,0.0,0.0,62.81,124,0.83,159.0,178.93,5.1
2018-08-17,Roslindale,113,343,0,0,0.0,0.0,24.73,74,10.53,70.0,91.18,6.6
2018-08-17,Roxbury,302,990,0,0,0.0,0.0,34.2,163,4.78,83.5,127.89,5.92
2018-08-17,South Boston,320,1442,0,0,0.0,0.0,31.51,195,3.44,174.0,216.66,8.18
2018-08-17,South Boston Waterfront,39,112,0,0,0.0,0.0,23.97,33,2.04,199.0,303.36,5.85
2018-08-17,South End,394,1215,0,0,0.0,0.0,37.15,240,2.71,170.0,215.37,6.34
2018-08-17,West End,132,480,0,0,0.0,0.0,12.56,37,306.13,189.0,217.07,10.19
2018-08-17,West Roxbury,60,200,0,0,0.0,0.0,37.15,45,12.15,90.0,115.35,7.43
2018-09-14,Allston,354,1060,0,0,0.0,0.0,21.06,189,6.46,85.0,143.28,5.52
2018-09-14,Back Bay,437,1465,0,0,0.0,0.0,24.48,217,2.7,220.0,258.3,7.5
2018-09-14,Bay Village,27,111,0,0,0.0,0.0,48.0,21,1.49,175.0,235.19,4.48
2018-09-14,Beacon Hill,244,752,0,0,0.0,0.0,38.94,156,0.89,160.0,193.27,4.99
2018-09-14,Brighton,317,898,0,0,0.0,0.0,26.37,208,8.08,89.0,122.71,6.35
2018-09-14,Charlestown,162,580,0,0,0.0,0.0,25.89,114,2.56,175.0,218.01,7.28
2018-09-14,Chinatown,144,564,0,0,0.0,0.0,13.03,36,2184.14,238.0,264.24,14.81
2018-09-14,Dorchester,453,1567,0,0,0.0,0.0,42.96,214,6.82,79.0,101.23,8.45
2018-09-14,Downtown,354,1352,0,0,0.0,0.0,28.86,147,2183.86,289.0,290.99,9.27
2018-09-14,East Boston,277,922,0,0,0.0,0.0,61.23,163,2.76,99.0,124.4,6.87
2018-09-14,Fenway,452,1538,0,0,0.0,0.0,14.59,176,312.71,199.0,227.58,12.41
2018-09-14,Hyde Park,64,174,0,0,0.0,0.0,25.17,42,14.9,57.5,76.89,9.59
2018-09-14,Jamaica Plain,485,1668,0,0,0.0,0.0,32.76,319,7.15,119.0,147.52,7.02
2018-09-14,Leather District,6,17,0,0,0.0,0.0,18.67,6,0.97,184.5,210.5,7.17
2018-09-14,Longwood Medical Area,10,26,0,0,0.0,0.0,101.5,8,4.66,106.0,132.0,4.1
2018-09-14,Mattapan,63,182,0,0,0.0,0.0,29.33,27,8.98,60.0,67.63,13.79
2018-09-14,Mission Hill,227,890,0,0,0.0,0.0,10.89,97,301.1,189.0,198.4,12.17
2018-09-14,North End,238,998,0,0,0.0,0.0,60.02,125,0.83,160.0,185.82,5.11
2018-09-14,Roslindale,115,346,0,0,0.0,0.0,26.29,75,10.43,72.0,91.42,7.54
2018-09-14,Roxbury,293,933,0,0,0.0,0.0,35.64,157,4.81,84.0,124.02,7.39
2018-09-14,South Boston,314,1410,0,0,0.0,0.0,32.58,195,3.45,185.5,231.94,9.2
2018-09-14,South Boston Waterfront,42,121,0,0,0.0,0.0,24.29,34,2.04,210.0,308.76,6.21
2018-09-14,South End,408,1277,0,0,0.0,0.0,36.22,236,2.75,175.5,217.8,6.73
2018-09-14,West End,129,482,0,0,0.0,0.0,13.32,32,306.15,199.0,221.37,11.05
2018-09-14,West Roxbury,60,195,0,0,0.0,0.0,36.07,42,12.2,90.0,117.0,8.12
2018-10-11,Allston,353,1054,0,0,0.0,0.0,21.68,192,6.48,85.0,143.96,5.47
2018-10-11,Back Bay,445,1498,0,0,0.0,0.0,26.56,213,2.67,220.0,254.6,7.63
2018-10-11,Bay Village,25,104,0,0,0.0,0.0,54.72,19,1.49,175.0,236.16,5.32
2018-10-11,Beacon Hill,233,704,0,0,0.0,0.0,40.71,151,0.88,160.0,191.45,5.09
2018-10-11,Brighton,343,954,0,0,0.0,0.0,25.23,225,8.31,80.0,118.87,7.96
2018-10-11,Charlestown,147,538,0,0,0.0,0.0,29.75,109,2.36,190.0,228.05,6.2
2018-10-11,Chinatown,141,548,0,0,0.0,0.0,15.01,39,2184.14,242.0,270.15,12.74
2018-10-11,Dorchester,468,1629,0,0,0.0,0.0,43.68,229,7.01,79.0,102.04,9.15
2018-10-11,Downtown,352,1341,0,0,0.0,0.0,29.62,141,2183.95,267.0,321.37,8.57
2018-10-11,East Boston,294,966,0,0,0.0,0.0,59.36,171,2.76,99.0,122.39,8.15
2018-10-11,Fenway,437,1479,0,0,0.0,0.0,14.26,173,302.81,199.0,228.78,10.64
2018-10-11,Hyde Park,63,172,0,0,0.0,0.0,27.19,39,14.9,62.0,77.22,10.44
2018-10-11,Jamaica Plain,491,1685,0,0,0.0,0.0,34.1,314,7.15,120.0,145.78,7.53
2018-10-11,Leather District,5,15,0,0,0.0,0.0,18.2,5,0.97,190.0,226.8,7.8
2018-10-11,Longwood Medical Area,10,30,0,0,0.0,0.0,104.4,8,4.66,113.0,157.1,3.9
2018-10-11,Mattapan,70,200,0,0,0.0,0.0,30.13,28,8.93,60.0,70.66,14.67
2018-10-11,Mission Hill,226,891,0,0,0.0,0.0,12.19,95,301.06,189.5,199.18,11.3
2018-10-11,North End,242,1027,0,0,0.0,0.0,62.66,122,0.83,160.0,187.48,5.76
2018-10-11,Roslindale,112,332,0,0,0.0,0.0,28.68,75,10.44,70.0,88.31,9.38
2018-10-11,Roxbury,304,958,0,0,0.0,0.0,35.89,159,4.81,83.5,125.31,6.89
2018-10-11,South Boston,310,1396,0,0,0.0,0.0,34.02,196,3.43,186.5,231.98,8.34
2018-10-11,South Boston Waterfront,45,133,0,0,0.0,0.0,24.76,37,2.08,200.0,312.36,7.09
2018-10-11,South End,409,1293,0,0,0.0,0.0,37.94,233,2.77,180.0,236.82,6.16
2018-10-11,West End,127,474,0,0,0.0,0.0,13.98,33,306.16,199.0,222.52,10.06
2018-10-11,West Roxbury,60,195,0,0,0.0,0.0,37.7,42,12.2,89.5,116.0,9.62
2018-11-17,Allston,340,1005,0,0,0.0,0.0,22.12,187,6.47,84.5,130.6,8.67
2018-11-17,Back Bay,473,1598,0,0,0.0,0.0,26.39,225,2.66,220.0,264.14,12.51
2018-11-17,Bay Village,26,108,0,0,0.0,0.0,56.38,20,1.49,176.5,243.27,11.96
2018-11-17,Beacon Hill,242,745,0,0,0.0,0.0,42.07,154,0.87,160.0,194.06,12.24
2018-11-17,Brighton,378,1065,0,0,0.0,0.0,25.51,234,8.41,80.0,113.93,12.54
2018-11-17,Charlestown,152,591,0,0,0.0,0.0,30.64,116,2.36,195.0,236.34,10.28
2018-11-17,Chinatown,127,489,0,0,0.0,0.0,18.36,38,2184.06,215.0,255.48,15.17
2018-11-17,Dorchester,497,1701,0,0,0.0,0.0,43.79,235,7.02,76.0,167.89,16.0
2018-11-17,Downtown,381,1448,0,0,0.0,0.0,29.92,148,2183.93,216.0,261.88,12.85
2018-11-17,East Boston,310,1048,0,0,0.0,0.0,59.98,178,2.79,100.0,125.07,13.69
2018-11-17,Fenway,426,1446,0,0,0.0,0.0,16.53,170,302.76,179.0,206.69,12.47
2018-11-17,Hyde Park,64,179,0,0,0.0,0.0,29.45,39,14.94,65.0,79.05,14.45
2018-11-17,Jamaica Plain,510,1742,0,0,0.0,0.0,34.74,323,7.26,120.0,146.17,11.69
2018-11-17,Leather District,6,17,0,0,0.0,0.0,24.0,6,0.97,184.5,210.5,13.0
2018-11-17,Longwood Medical Area,10,30,0,0,0.0,0.0,107.1,8,4.66,113.0,119.5,8.7
2018-11-17,Mattapan,78,224,0,0,0.0,0.0,31.36,30,8.88,60.0,72.68,20.97
2018-11-17,Mission Hill,225,905,0,0,0.0,0.0,12.86,91,301.07,199.0,266.81,14.87
2018-11-17,North End,242,1030,0,0,0.0,0.0,66.38,119,0.8,164.0,227.29,13.47
2018-11-17,Roslindale,113,346,0,0,0.0,0.0,30.22,76,10.49,72.0,88.81,14.38
2018-11-17,Roxbury,319,1030,0,0,0.0,0.0,37.45,162,4.78,85.0,272.23,13.48
2018-11-17,South Boston,327,1425,0,0,0.0,0.0,33.75,193,3.43,179.0,283.26,15.98
2018-11-17,South Boston Waterfront,72,231,0,0,0.0,0.0,17.33,39,1245.94,227.0,354.71,16.51
2018-11-17,South End,404,1270,0,0,0.0,0.0,40.7,232,2.75,175.5,208.47,11.87
2018-11-17,West End,139,511,0,0,0.0,0.0,13.92,37,306.15,245.0,240.85,15.81
2018-11-17,West Roxbury,62,195,0,0,0.0,0.0,38.08,44,12.24,84.5,109.44,14.26
2018-11-26,Back Bay,1,3,0,0,0.0,0.0,2.0,1,4009.82,200.0,200.0,26.0
2018-11-26,Chinatown,1,5,0,0,0.0,0.0,74.0,1,17.48,295.0,295.0,21.0
2018-12-13,Allston,347,1057,0,0,0.0,0.0,21.7,170,6.34,89.0,128.59,10.55
2018-12-13,Back Bay,454,1539,0,0,0.0,0.0,27.87,202,2.65,208.5,258.61,14.14
2018-12-13,Bay Village,36,139,0,0,0.0,0.0,41.97,22,1.51,158.0,210.19,13.22
2018-12-13,Beacon Hill,234,729,0,0,0.0,0.0,44.84,148,0.86,161.5,194.36,11.75
2018-12-13,Brighton,355,1005,0,0,0.0,0.0,27.31,229,8.41,80.0,114.9,12.77
2018-12-13,Charlestown,150,574,0,0,0.0,0.0,30.88,113,2.22,193.0,232.09,11.07
2018-12-13,Chinatown,123,472,0,0,0.0,0.0,19.32,33,2184.11,205.0,250.11,16.59
2018-12-13,Dorchester,490,1690,0,0,0.0,0.0,45.11,228,6.94,75.0,169.27,16.16
2018-12-13,Downtown,406,1529,0,0,0.0,0.0,27.24,143,305.7,189.0,234.84,15.34
2018-12-13,East Boston,293,1028,0,0,0.0,0.0,64.27,174,2.76,105.0,128.82,13.32
2018-12-13,Fenway,410,1405,0,0,0.0,0.0,17.53,152,302.74,175.0,200.09,16.07
2018-12-13,Hyde Park,61,175,0,0,0.0,0.0,30.21,36,14.93,65.0,80.82,17.07
2018-12-13,Jamaica Plain,512,1759,0,0,0.0,0.0,34.59,323,7.24,120.0,144.9,13.02
2018-12-13,Leather District,7,20,0,0,0.0,0.0,22.43,7,0.96,190.0,220.29,15.43
2018-12-13,Longwood Medical Area,12,32,0,0,0.0,0.0,90.83,10,4.6,106.0,105.67,9.33
2018-12-13,Mattapan,79,224,0,0,0.0,0.0,30.09,28,8.98,60.0,72.46,17.63
2018-12-13,Mission Hill,211,878,0,0,0.0,0.0,14.17,81,301.09,199.0,271.56,15.18
2018-12-13,North End,244,1039,0,0,0.0,0.0,65.25,118,0.78,168.0,231.51,14.37
2018-12-13,Roslindale,106,323,0,0,0.0,0.0,31.58,73,10.54,70.0,86.88,15.66
2018-12-13,Roxbury,324,1041,0,0,0.0,0.0,37.43,158,4.84,76.5,261.06,14.21
2018-12-13,South Boston,317,1386,0,0,0.0,0.0,33.76,183,3.34,171.0,269.87,15.78
2018-12-13,South Boston Waterfront,74,237,0,0,0.0,0.0,17.68,40,2185.43,200.0,293.15,15.92
2018-12-13,South End,409,1269,0,0,0.0,0.0,40.05,229,2.73,175.0,203.62,13.37
2018-12-13,West End,140,514,0,0,0.0,0.0,14.44,38,306.15,220.0,237.31,13.36
2018-12-13,West Roxbury,65,204,0,0,0.0,0.0,37.88,44,12.21,80.0,104.72,13.63
2019-01-17,Allston,308,947,0,0,0.0,0.0,21.76,172,6.42,95.0,135.38,10.66
2019-01-17,Back Bay,471,1621,0,0,0.0,0.0,27.58,204,2.71,225.0,333.02,12.61
2019-01-17,Bay Village,35,138,0,0,0.0,0.0,42.17,21,1.5,156.0,211.06,12.6
2019-01-17,Beacon Hill,238,746,0,0,0.0,0.0,45.57,147,0.85,160.0,192.52,10.57
2019-01-17,Brighton,339,979,0,0,0.0,0.0,26.37,223,8.66,80.0,112.96,12.4
2019-01-17,Charlestown,148,564,0,0,0.0,0.0,31.5,112,2.28,194.0,231.48,10.08
2019-01-17,Chinatown,127,479,0,0,0.0,0.0,19.58,35,2184.06,209.0,240.16,15.09
2019-01-17,Dorchester,497,1707,0,0,0.0,0.0,44.73,227,7.01,75.0,169.81,17.49
2019-01-17,Downtown,434,1588,0,0,0.0,0.0,25.04,144,305.69,200.0,259.56,13.87
2019-01-17,East Boston,299,1067,0,0,0.0,0.0,57.1,177,2.78,110.0,132.67,13.92
2019-01-17,Fenway,422,1441,0,0,0.0,0.0,16.71,153,302.76,175.0,205.56,12.12
2019-01-17,Hyde Park,57,160,0,0,0.0,0.0,27.61,36,15.01,72.0,86.04,15.7
2019-01-17,Jamaica Plain,519,1820,0,0,0.0,0.0,33.56,325,7.26,120.0,146.91,13.71
2019-01-17,Leather District,6,17,0,0,0.0,0.0,27.17,6,0.97,184.5,210.5,14.0
2019-01-17,Longwood Medical Area,12,32,0,0,0.0,0.0,93.25,10,4.6,106.0,105.67,6.92
2019-01-17,Mattapan,82,227,0,0,0.0,0.0,31.48,29,8.93,60.0,71.8,19.24
2019-01-17,Mission Hill,212,882,0,0,0.0,0.0,14.08,80,301.09,199.0,274.47,14.14
2019-01-17,North End,248,1066,0,0,0.0,0.0,67.48,119,0.77,169.0,229.7,13.68
2019-01-17,Roslindale,107,327,0,0,0.0,0.0,32.63,70,10.53,68.0,84.64,17.36
2019-01-17,Roxbury,327,1040,0,0,0.0,0.0,38.04,153,4.91,75.0,255.51,12.94
2019-01-17,South Boston,317,1384,0,0,0.0,0.0,34.24,187,3.35,170.0,272.52,14.48
2019-01-17,South Boston Waterfront,65,206,0,0,0.0,0.0,20.85,39,2.5,220.0,300.74,14.74
2019-01-17,South End,409,1280,0,0,0.0,0.0,39.83,227,2.75,175.0,202.01,12.29
2019-01-17,West End,143,528,0,0,0.0,0.0,14.29,38,306.15,249.0,287.96,14.12
2019-01-17,West Roxbury,68,212,0,0,0.0,0.0,37.16,47,12.24,80.0,107.93,13.18
2019-02-09,Allston,312,962,0,0,0.0,0.0,22.84,167,6.42,90.0,143.03,11.04
2019-02-09,Back Bay,463,1601,0,0,0.0,0.0,27.73,203,2.73,229.0,339.38,11.2
2019-02-09,Bay Village,37,141,0,0,0.0,0.0,40.81,21,1.52,155.0,203.54,11.97
2019-02-09,Beacon Hill,242,764,0,0,0.0,0.0,43.15,146,0.86,160.0,192.89,8.96
2019-02-09,Brighton,336,964,0,0,0.0,0.0,26.88,220,8.66,80.0,112.63,10.94
2019-02-09,Charlestown,145,566,0,0,0.0,0.0,31.72,107,2.28,199.0,235.73,8.97
2019-02-09,Chinatown,132,500,0,0,0.0,0.0,19.4,36,2184.05,225.0,264.65,13.02
2019-02-09,Dorchester,488,1666,0,0,0.0,0.0,45.11,228,6.96,75.0,169.8,15.34
2019-02-09,Downtown,425,1546,0,0,0.0,0.0,26.21,139,305.69,200.0,272.42,11.88
2019-02-09,East Boston,303,1073,0,0,0.0,0.0,57.19,177,2.8,110.0,128.79,12.72
2019-02-09,Fenway,419,1424,0,0,0.0,0.0,16.92,154,302.77,192.0,213.06,13.28
2019-02-09,Hyde Park,53,149,0,0,0.0,0.0,30.43,35,14.98,72.0,82.0,15.98
2019-02-09,Jamaica Plain,497,1749,0,0,0.0,0.0,34.52,322,7.15,120.0,147.73,12.27
2019-02-09,Leather District,5,13,0,0,0.0,0.0,27.6,5,0.96,179.0,214.6,9.2
2019-02-09,Longwood Medical Area,11,31,0,0,0.0,0.0,103.36,9,4.62,112.0,115.73,8.82
2019-02-09,Mattapan,69,181,0,0,0.0,0.0,31.52,30,9.4,55.0,65.13,17.26
2019-02-09,Mission Hill,205,854,0,0,0.0,0.0,14.19,79,301.1,199.0,272.37,12.73
2019-02-09,North End,236,1009,0,0,0.0,0.0,71.61,116,0.78,166.0,227.56,10.98
2019-02-09,Roslindale,111,338,0,0,0.0,0.0,32.14,72,10.49,68.0,84.34,16.81
2019-02-09,Roxbury,302,1000,0,0,0.0,0.0,40.42,158,4.87,80.0,276.1,12.92
2019-02-09,South Boston,313,1367,0,0,0.0,0.0,35.27,184,3.36,175.0,274.36,12.64
2019-02-09,South Boston Waterfront,64,205,0,0,0.0,0.0,22.03,39,4.27,210.0,308.27,13.33
2019-02-09,South End,418,1308,0,0,0.0,0.0,39.5,225,2.74,175.0,211.2,11.81
2019-02-09,West End,148,552,0,0,0.0,0.0,14.17,42,306.26,249.0,317.17,11.6
2019-02-09,West Roxbury,68,215,0,0,0.0,0.0,33.76,48,12.26,87.0,108.62,11.71
2019-03-12,Allston,302,915,0,0,0.0,0.0,23.81,165,6.43,88.5,145.9,8.57
2019-03-12,Back Bay,466,1603,0,0,0.0,0.0,28.33,208,2.73,209.5,320.02,9.95
2019-03-12,Bay Village,46,163,1,0,2.17,0.0,34.37,22,1.54,152.5,189.74,13.09
2019-03-12,Beacon Hill,241,757,0,0,0.0,0.0,43.94,149,0.87,159.0,192.34,7.12
2019-03-12,Brighton,321,944,0,0,0.0,0.0,27.6,215,8.72,80.0,115.78,9.49
2019-03-12,Charlestown,144,554,0,0,0.0,0.0,32.15,107,2.26,200.0,236.75,7.94
2019-03-12,Chinatown,129,488,0,0,0.0,0.0,20.58,34,305.75,242.0,261.4,14.32
2019-03-12,Dorchester,500,1705,0,0,0.0,0.0,44.6,229,7.02,75.0,110.37,13.72
2019-03-12,Downtown,461,1719,0,0,0.0,0.0,24.18,136,2184.03,220.0,265.77,11.02
2019-03-12,East Boston,305,1102,0,0,0.0,0.0,57.39,178,2.81,110.0,131.9,10.22
2019-03-12,Fenway,392,1361,0,0,0.0,0.0,18.3,147,299.39,213.0,227.55,11.17
2019-03-12,Hyde Park,53,149,0,0,0.0,0.0,30.77,35,14.94,72.0,84.04,14.11
2019-03-12,Jamaica Plain,482,1669,0,0,0.0,0.0,35.3,314,7.05,120.0,149.45,9.11
2019-03-12,Leather District,4,9,0,0,0.0,0.0,21.0,4,0.95,154.0,174.5,2.5
2019-03-12,Longwood Medical Area,11,31,0,0,0.0,0.0,105.18,9,4.62,112.0,118.18,4.73
2019-03-12,Mattapan,79,228,0,0,0.0,0.0,32.78,33,9.23,60.0,75.39,17.68
2019-03-12,Mission Hill,196,825,0,0,0.0,0.0,14.67,78,296.37,199.0,221.31,13.48
2019-03-12,North End,246,1068,0,0,0.0,0.0,69.85,115,0.77,169.0,195.91,10.11
2019-03-12,Roslindale,111,347,0,0,0.0,0.0,32.89,73,10.49,69.0,87.54,13.66
2019-03-12,Roxbury,299,1011,0,0,0.0,0.0,41.38,161,4.89,85.0,144.9,11.4
2019-03-12,South Boston,325,1383,0,0,0.0,0.0,35.06,185,3.36,175.0,222.05,11.56
2019-03-12,South Boston Waterfront,107,362,0,0,0.0,0.0,14.36,40,4012.13,217.0,283.07,14.09
2019-03-12,South End,429,1323,0,0,0.0,0.0,39.53,223,2.74,175.0,201.02,9.76
2019-03-12,West End,143,536,0,0,0.0,0.0,14.03,38,301.3,249.0,322.48,10.59
2019-03-12,West Roxbury,68,219,0,0,0.0,0.0,33.6,50,12.41,87.0,110.32,13.53
2019-04-15,Allston,322,1017,0,0,0.0,0.0,23.33,173,6.56,95.0,163.56,9.1
2019-04-15,Back Bay,463,1628,0,0,0.0,0.0,28.86,199,2.77,225.0,342.76,8.75
2019-04-15,Bay Village,49,176,11,0,22.45,0.0,32.39,24,1.54,135.0,192.45,11.49
2019-04-15,Beacon Hill,239,752,0,0,0.0,0.0,42.87,148,0.87,168.0,196.92,6.5
2019-04-15,Brighton,323,981,0,0,0.0,0.0,27.98,215,8.66,85.0,117.54,8.72
2019-04-15,Charlestown,143,554,0,0,0.0,0.0,33.16,108,2.28,200.0,238.4,8.41
2019-04-15,Chinatown,138,523,0,0,0.0,0.0,19.95,37,305.71,235.5,275.88,12.69
2019-04-15,Dorchester,515,1721,0,0,0.0,0.0,43.98,231,7.08,75.0,107.43,13.72
2019-04-15,Downtown,470,1722,0,0,0.0,0.0,23.89,141,2184.02,200.0,277.15,11.18
2019-04-15,East Boston,312,1117,0,0,0.0,0.0,59.9,179,2.85,110.0,132.48,8.96
2019-04-15,Fenway,386,1340,0,0,0.0,0.0,19.35,145,297.91,213.0,226.54,9.94
2019-04-15,Hyde Park,51,151,0,0,0.0,0.0,25.84,33,13.87,69.0,84.24,8.39
2019-04-15,Jamaica Plain,461,1614,0,0,0.0,0.0,38.55,304,7.04,120.0,153.66,8.08
2019-04-15,Leather District,4,14,0,0,0.0,0.0,5.0,4,0.95,252.0,242.25,9.5
2019-04-15,Longwood Medical Area,11,31,0,0,0.0,0.0,108.27,9,4.62,112.0,120.0,6.27
2019-04-15,Mattapan,60,174,0,0,0.0,0.0,37.45,29,9.54,65.0,75.05,16.97
2019-04-15,Mission Hill,195,809,0,0,0.0,0.0,15.2,77,296.37,199.0,221.81,12.91
2019-04-15,North End,234,1009,0,0,0.0,0.0,74.34,114,0.78,169.0,192.78,8.33
2019-04-15,Roslindale,108,342,0,0,0.0,0.0,34.47,72,10.53,70.0,89.94,10.22
2019-04-15,Roxbury,311,1029,0,0,0.0,0.0,41.66,158,4.92,80.0,140.32,11.41
2019-04-15,South Boston,321,1365,0,0,0.0,0.0,34.6,186,3.36,178.0,231.27,9.87
2019-04-15,South Boston Waterfront,107,368,0,0,0.0,0.0,12.76,39,4012.13,220.0,302.76,12.85
2019-04-15,South End,404,1270,0,0,0.0,0.0,43.36,221,2.68,177.0,204.83,8.26
2019-04-15,West End,139,522,0,0,0.0,0.0,14.45,35,301.33,249.0,326.78,11.94
2019-04-15,West Roxbury,67,224,0,0,0.0,0.0,35.37,48,12.4,90.0,113.96,12.24
2019-05-19,Allston,327,1034,0,0,0.0,0.0,24.03,181,6.49,99.0,184.41,6.1
2019-05-19,Back Bay,446,1552,0,0,0.0,0.0,31.83,198,2.76,222.5,339.03,6.6
2019-05-19,Bay Village,50,159,13,0,26.0,0.0,31.76,26,971.83,144.5,194.14,8.32
2019-05-19,Beacon Hill,239,748,0,0,0.0,0.0,45.34,147,0.86,169.0,196.22,5.38
2019-05-19,Brighton,324,993,0,0,0.0,0.0,29.26,213,8.67,80.0,119.37,7.45
2019-05-19,Charlestown,141,540,0,0,0.0,0.0,34.52,104,2.29,200.0,239.26,7.9
2019-05-19,Chinatown,137,515,0,0,0.0,0.0,21.52,36,305.71,244.0,279.72,11.04
2019-05-19,Dorchester,521,1769,0,0,0.0,0.0,45.77,229,6.92,75.0,108.15,9.72
2019-05-19,Downtown,469,1707,0,0,0.0,0.0,25.87,133,2184.02,199.0,260.59,9.54
2019-05-19,East Boston,319,1149,0,0,0.0,0.0,61.08,178,2.88,110.0,132.03,7.46
2019-05-19,Fenway,362,1250,0,0,0.0,0.0,20.97,148,297.85,211.5,235.68,11.32
2019-05-19,Hyde Park,55,158,0,0,0.0,0.0,26.33,37,14.4,69.0,83.36,9.4
2019-05-19,Jamaica Plain,475,1677,0,0,0.0,0.0,38.28,311,7.02,121.0,154.84,6.73
2019-05-19,Leather District,4,14,0,0,0.0,0.0,5.75,4,0.95,252.0,242.25,11.75
2019-05-19,Longwood Medical Area,10,27,0,0,0.0,0.0,107.8,8,4.66,106.0,120.5,3.1
2019-05-19,Mattapan,64,187,0,0,0.0,0.0,39.98,29,9.5,65.0,77.56,13.75
2019-05-19,Mission Hill,185,761,0,0,0.0,0.0,17.06,81,296.28,199.0,213.44,13.23
2019-05-19,North End,229,982,0,0,0.0,0.0,77.64,114,0.78,170.0,194.91,5.77
2019-05-19,Roslindale,108,348,0,0,0.0,0.0,32.76,71,10.43,75.0,95.41,10.19
2019-05-19,Roxbury,333,1114,0,0,0.0,0.0,41.11,164,4.96,79.0,136.56,8.08
2019-05-19,South Boston,317,1368,0,0,0.0,0.0,36.8,187,3.35,178.0,231.21,7.33
2019-05-19,South Boston Waterfront,102,342,0,0,0.0,0.0,14.08,35,4012.13,249.5,300.87,11.82
2019-05-19,South End,409,1273,0,0,0.0,0.0,44.37,215,2.69,175.0,203.66,6.33
2019-05-19,West End,133,512,0,0,0.0,0.0,14.8,32,305.99,250.0,343.77,13.04
2019-05-19,West Roxbury,74,246,0,0,0.0,0.0,32.31,49,12.41,85.0,115.05,10.2
2019-05-24,Fenway,1,5,0,0,0.0,0.0,33.0,1,302.75,298.0,298.0,0.0
2019-06-14,Allston,321,996,0,0,0.0,0.0,24.59,181,6.48,95.0,186.61,6.47
2019-06-14,Back Bay,441,1544,0,0,0.0,0.0,32.1,194,2.75,225.0,342.46,7.59
2019-06-14,Bay Village,46,137,12,0,26.09,0.0,32.15,22,2057.5,132.0,186.87,13.46
2019-06-14,Beacon Hill,242,758,0,0,0.0,0.0,47.01,148,0.87,169.0,198.11,6.56
2019-06-14,Brighton,320,997,0,0,0.0,0.0,30.74,211,8.55,82.5,118.61,6.51
2019-06-14,Charlestown,142,535,0,0,0.0,0.0,35.98,108,2.26,197.0,231.97,6.98
2019-06-14,Chinatown,136,505,0,0,0.0,0.0,22.09,33,305.71,244.5,277.77,14.04
2019-06-14,Dorchester,515,1791,0,0,0.0,0.0,45.23,222,6.93,75.0,111.03,10.06
2019-06-14,Downtown,475,1772,0,0,0.0,0.0,25.94,138,2184.02,199.0,265.95,11.91
2019-06-14,East Boston,328,1132,0,0,0.0,0.0,62.98,181,2.94,100.0,127.45,8.56
2019-06-14,Fenway,372,1274,0,0,0.0,0.0,20.6,155,299.39,213.0,238.16,11.9
2019-06-14,Hyde Park,48,131,0,0,0.0,0.0,27.67,35,14.17,70.0,80.75,10.31
2019-06-14,Jamaica Plain,476,1662,0,0,0.0,0.0,38.68,312,6.96,125.0,152.66,6.78
2019-06-14,Leather District,4,13,0,0,0.0,0.0,6.75,4,0.97,252.0,279.75,9.75
2019-06-14,Longwood Medical Area,11,28,0,0,0.0,0.0,100.27,9,4.7,100.0,113.09,4.82
2019-06-14,Mattapan,53,167,0,0,0.0,0.0,38.68,26,9.78,70.0,78.49,14.25
2019-06-14,Mission Hill,195,784,0,0,0.0,0.0,17.32,82,296.31,199.0,213.06,12.93
2019-06-14,North End,236,1008,0,0,0.0,0.0,80.28,116,0.77,169.0,200.2,7.42
2019-06-14,Roslindale,110,345,0,0,0.0,0.0,33.78,74,10.43,75.0,95.96,8.3
2019-06-14,Roxbury,358,1157,0,0,0.0,0.0,40.51,167,4.97,75.0,131.58,11.69
2019-06-14,South Boston,321,1361,0,0,0.0,0.0,39.19,185,3.32,178.0,228.7,8.3
2019-06-14,South Boston Waterfront,96,321,0,0,0.0,0.0,12.58,31,4012.13,250.0,335.77,15.49
2019-06-14,South End,389,1233,0,0,0.0,0.0,47.66,212,2.73,175.0,229.01,7.39
2019-06-14,West End,139,531,0,0,0.0,0.0,15.32,34,301.48,250.0,340.73,10.81
2019-06-14,West Roxbury,74,249,0,0,0.0,0.0,33.51,48,12.41,87.0,114.04,9.99
2019-07-14,Allston,324,1003,0,0,0.0,0.0,24.63,185,6.48,88.5,185.36,5.02
2019-07-14,Back Bay,413,1422,0,0,0.0,0.0,33.75,191,2.71,215.0,306.3,6.26
2019-07-14,Bay Village,45,139,12,0,26.67,0.0,26.87,23,2183.38,139.0,183.76,10.64
2019-07-14,Beacon Hill,236,725,0,0,0.0,0.0,45.74,141,0.89,168.5,196.74,6.15
2019-07-14,Brighton,330,1007,0,0,0.0,0.0,31.67,212,8.56,80.0,117.86,6.39
2019-07-14,Charlestown,146,548,0,0,0.0,0.0,36.17,108,2.35,199.5,229.82,7.05
2019-07-14,Chinatown,136,501,0,0,0.0,0.0,22.14,37,305.71,238.0,274.49,11.32
2019-07-14,Dorchester,528,1855,0,0,0.0,0.0,46.5,233,6.95,75.0,112.87,9.31
2019-07-14,Downtown,473,1715,0,0,0.0,0.0,27.57,132,2184.02,199.0,263.45,10.75
2019-07-14,East Boston,333,1140,0,0,0.0,0.0,65.47,185,2.92,100.0,128.3,6.66
2019-07-14,Fenway,375,1266,0,0,0.0,0.0,20.97,154,297.9,200.0,234.4,10.73
2019-07-14,Hyde Park,48,136,0,0,0.0,0.0,31.17,35,13.7,71.5,82.79,11.23
2019-07-14,Jamaica Plain,470,1673,0,0,0.0,0.0,39.13,304,6.96,125.0,248.33,6.54
2019-07-14,Leather District,4,12,0,0,0.0,0.0,1.5,4,0.97,174.5,241.0,5.5
2019-07-14,Longwood Medical Area,11,28,0,0,0.0,0.0,102.27,9,4.7,105.0,116.18,4.18
2019-07-14,Mattapan,47,156,0,0,0.0,0.0,41.72,22,9.81,72.0,79.45,13.81
2019-07-14,Mission Hill,199,804,0,0,0.0,0.0,18.02,85,296.31,199.0,215.67,11.02
2019-07-14,North End,231,992,0,0,0.0,0.0,82.8,112,0.77,175.0,202.88,6.2
2019-07-14,Roslindale,108,328,0,0,0.0,0.0,35.37,75,10.47,72.5,91.34,7.1
2019-07-14,Roxbury,353,1186,0,0,0.0,0.0,42.52,167,4.93,80.0,139.02,8.73
2019-07-14,South Boston,314,1317,0,0,0.0,0.0,39.66,181,3.35,179.5,227.58,8.08
2019-07-14,South Boston Waterfront,106,345,0,0,0.0,0.0,12.32,38,3098.99,250.0,321.26,16.94
2019-07-14,South End,387,1206,0,0,0.0,0.0,46.26,210,2.79,175.0,222.32,6.04
2019-07-14,West End,140,532,0,0,0.0,0.0,15.79,35,301.33,250.0,340.31,11.11
2019-07-14,West Roxbury,78,263,0,0,0.0,0.0,35.64,50,12.43,89.0,116.03,9.85
2019-07-15,Allston,1,1,0,0,0.0,0.0,2.0,1,21.75,35.0,35.0,0.0
2019-07-15,Bay Village,1,5,0,0,0.0,0.0,13.0,1,1.5,500.0,500.0,0.0
2019-08-19,Allston,320,943,0,0,0.0,0.0,25.37,187,6.45,85.0,168.38,4.46
2019-08-19,Back Bay,408,1385,0,0,0.0,0.0,34.6,194,2.71,200.0,279.11,6.32
2019-08-19,Bay Village,47,143,11,0,23.4,0.0,27.94,25,307.14,150.0,226.23,12.0
2019-08-19,Beacon Hill,231,716,0,0,0.0,0.0,47.39,138,0.87,169.0,215.48,6.25
2019-08-19,Brighton,325,993,0,0,0.0,0.0,33.12,205,8.68,85.0,124.88,4.62
2019-08-19,Charlestown,141,536,0,0,0.0,0.0,39.11,104,2.3,200.0,234.71,8.32
2019-08-19,Chinatown,140,520,0,0,0.0,0.0,22.94,38,305.7,249.0,273.58,14.63
2019-08-19,Dorchester,528,1845,0,0,0.0,0.0,47.73,229,6.93,75.0,113.23,9.4
2019-08-19,Downtown,487,1787,0,0,0.0,0.0,29.2,136,2183.94,199.0,260.33,11.45
2019-08-19,East Boston,330,1114,0,0,0.0,0.0,67.65,186,2.94,104.0,128.96,7.46
2019-08-19,Fenway,368,1251,0,0,0.0,0.0,23.12,156,297.91,200.0,227.91,10.07
2019-08-19,Hyde Park,47,129,0,0,0.0,0.0,30.66,34,14.11,69.0,82.28,10.15
2019-08-19,Jamaica Plain,478,1738,0,0,0.0,0.0,40.71,305,6.97,125.0,259.4,5.18
2019-08-19,Leather District,4,12,0,0,0.0,0.0,3.5,4,0.97,174.5,241.0,1.5
2019-08-19,Longwood Medical Area,11,28,0,0,0.0,0.0,106.18,9,4.7,105.0,115.09,3.73
2019-08-19,Mattapan,49,155,0,0,0.0,0.0,48.1,22,9.7,70.0,75.0,12.92
2019-08-19,Mission Hill,198,808,0,0,0.0,0.0,18.04,85,296.34,199.0,218.96,11.92
2019-08-19,North End,224,946,0,0,0.0,0.0,86.04,114,0.77,178.5,207.03,7.83
2019-08-19,Roslindale,103,315,0,0,0.0,0.0,36.95,74,10.54,69.0,89.73,6.9
2019-08-19,Roxbury,352,1180,0,0,0.0,0.0,44.59,171,4.96,80.0,141.51,8.18
2019-08-19,South Boston,305,1253,0,0,0.0,0.0,43.39,181,3.31,173.0,228.45,6.74
2019-08-19,South Boston Waterfront,107,355,0,0,0.0,0.0,12.82,39,2729.13,250.0,330.69,16.58
2019-08-19,South End,380,1176,0,0,0.0,0.0,48.37,208,2.79,175.0,223.25,6.37
2019-08-19,West End,129,485,0,0,0.0,0.0,16.33,34,301.3,249.0,294.48,14.48
2019-08-19,West Roxbury,79,267,0,0,0.0,0.0,37.47,51,12.46,89.0,114.49,9.7
2019-09-22,Allston,319,882,8,0,2.51,0.0,21.35,166,6.3,95.0,129.09,6.52
2019-09-22,Back Bay,325,1078,14,0,4.31,0.0,36.38,177,2.76,200.0,250.03,6.51
2019-09-22,Bay Village,49,131,16,0,32.65,0.0,22.82,24,2183.38,140.0,205.88,12.22
2019-09-22,Beacon Hill,204,613,4,0,1.96,0.0,49.24,128,0.9,170.5,200.91,5.08
2019-09-22,Brighton,295,888,34,0,11.53,0.0,35.11,196,8.59,80.0,121.31,5.23
2019-09-22,Charlestown,131,491,19,0,14.5,0.0,37.13,97,2.42,200.0,239.8,7.26
2019-09-22,Chinatown,117,412,0,0,0.0,0.0,23.91,31,305.75,235.0,269.42,9.2
2019-09-22,Dorchester,536,1829,59,0,11.01,0.0,48.84,226,6.86,75.0,108.1,10.4
2019-09-22,Downtown,415,1494,6,0,1.45,0.0,29.93,115,2184.21,200.0,264.42,10.93
2019-09-22,East Boston,311,1022,48,0,15.43,0.0,71.13,176,2.83,105.0,125.94,7.67
2019-09-22,Fenway,337,1145,7,0,2.08,0.0,23.37,145,302.51,210.0,230.36,9.41
2019-09-22,Hyde Park,45,119,4,0,8.89,0.0,31.47,33,13.8,65.0,81.84,14.4
2019-09-22,Jamaica Plain,405,1459,57,0,14.07,0.0,47.32,285,6.89,115.0,254.84,5.23
2019-09-22,Leather District,4,12,0,0,0.0,0.0,3.75,4,0.97,174.5,241.0,3.0
2019-09-22,Longwood Medical Area,10,22,0,0,0.0,0.0,115.6,8,4.75,102.5,114.3,3.3
2019-09-22,Mattapan,53,171,12,0,22.64,0.0,42.21,26,9.54,75.0,82.11,14.68
2019-09-22,Mission Hill,172,729,4,0,2.33,0.0,19.16,74,296.38,199.0,222.4,12.37
2019-09-22,North End,178,746,6,0,3.37,0.0,93.46,98,0.79,176.5,205.71,5.82
2019-09-22,Roslindale,103,310,20,0,19.42,0.0,38.63,73,10.6,69.0,97.04,9.12
2019-09-22,Roxbury,315,1057,26,0,8.25,0.0,45.97,165,4.95,80.0,146.76,7.51
2019-09-22,South Boston,251,996,36,0,14.34,0.0,44.25,163,3.28,167.0,225.47,5.69
2019-09-22,South Boston Waterfront,105,335,1,0,0.95,0.0,14.15,38,2185.76,250.0,325.0,15.02
2019-09-22,South End,344,1051,41,0,11.92,0.0,49.61,190,2.81,165.0,224.54,6.17
2019-09-22,West End,131,491,2,0,1.53,0.0,16.33,33,301.48,249.0,292.62,13.08
2019-09-22,West Roxbury,75,255,17,0,22.67,0.0,37.31,49,12.46,80.0,108.32,8.77
2019-10-11,Jamaica Plain,1,2,0,0,0.0,0.0,12.0,1,7.87,50.0,50.0,0.0
2019-10-18,Allston,108,258,0,0,0.0,0.0,11.35,90,6.45,71.0,98.29,0.3
2019-10-18,Back Bay,135,454,3,0,2.22,0.0,20.18,98,2.62,219.0,260.44,2.64
2019-10-18,Bay Village,9,22,0,0,0.0,0.0,28.33,9,1.5,139.0,254.11,2.56
2019-10-18,Beacon Hill,85,246,1,0,1.18,0.0,26.48,77,0.87,180.0,196.22,0.73
2019-10-18,Brighton,104,250,2,0,1.92,0.0,8.11,82,8.58,72.5,92.24,1.42
2019-10-18,Charlestown,41,155,2,0,4.88,0.0,16.29,38,2.63,240.0,265.44,0.07
2019-10-18,Chinatown,52,166,0,0,0.0,0.0,23.08,21,2184.14,219.0,277.1,8.17
2019-10-18,Dorchester,66,204,9,0,13.64,0.0,31.8,53,6.77,91.0,103.48,0.86
2019-10-18,Downtown,150,520,1,0,0.67,0.0,34.59,71,30.18,200.0,279.15,6.84
2019-10-18,East Boston,82,279,5,0,6.1,0.0,35.88,63,2.63,113.0,130.46,0.0
2019-10-18,Fenway,84,210,0,0,0.0,0.0,10.13,78,3.88,117.5,149.17,0.0
2019-10-18,Hyde Park,7,14,0,0,0.0,0.0,2.86,6,13.56,60.0,88.86,0.0
2019-10-18,Jamaica Plain,159,548,8,0,5.03,0.0,20.6,133,6.92,100.0,136.86,0.52
2019-10-18,Leather District,3,10,0,0,0.0,0.0,4.0,3,0.96,179.0,264.67,0.0
2019-10-18,Longwood Medical Area,5,16,0,0,0.0,0.0,9.6,4,4.79,112.0,109.2,0.0
2019-10-18,Mattapan,7,18,3,0,42.86,0.0,5.14,5,9.52,80.0,95.29,10.14
2019-10-18,Mission Hill,45,93,0,0,0.0,0.0,4.29,41,5.12,73.0,87.04,0.16
2019-10-18,North End,52,164,1,0,1.92,0.0,21.52,47,0.77,163.5,197.88,0.04
2019-10-18,Roslindale,12,31,0,0,0.0,0.0,13.75,12,10.85,66.0,74.92,0.0
2019-10-18,Roxbury,86,241,1,0,1.16,0.0,23.36,61,4.88,75.0,98.69,0.73
2019-10-18,South Boston,62,198,6,0,9.68,0.0,10.08,60,3.36,158.5,192.27,0.16
2019-10-18,South Boston Waterfront,19,50,0,0,0.0,0.0,15.63,16,1.56,220.0,388.21,0.0
2019-10-18,South End,119,332,7,0,5.88,0.0,18.02,96,2.73,165.0,181.43,3.11
2019-10-18,West End,20,84,1,0,5.0,0.0,14.2,14,3645.86,244.5,491.8,0.0
2019-10-18,West Roxbury,18,52,2,0,11.11,0.0,13.72,16,12.68,100.0,95.94,0.0
2019-10-19,Allston,179,492,15,0,8.38,0.0,30.26,70,6.19,111.0,132.25,10.17
2019-10-19,Back Bay,170,572,12,0,7.06,0.0,46.95,76,21.27,199.0,248.66,9.26
2019-10-19,Bay Village,45,117,23,0,51.11,0.0,25.56,15,2183.41,150.0,190.53,12.58
2019-10-19,Beacon Hill,107,332,5,0,4.67,0.0,68.42,54,0.92,160.0,203.76,9.31
2019-10-19,Brighton,171,550,41,0,23.98,0.0,51.77,102,8.62,96.0,137.17,10.18
2019-10-19,Charlestown,89,323,23,0,25.84,0.0,47.44,58,2.36,189.0,218.42,10.97
2019-10-19,Chinatown,66,245,1,0,1.52,0.0,26.3,20,300.99,214.5,246.33,12.48
2019-10-19,Dorchester,473,1688,93,0,19.66,0.0,52.06,179,6.84,75.0,109.55,13.08
2019-10-19,Downtown,258,940,6,0,2.33,0.0,28.99,53,2184.26,199.0,234.06,13.92
2019-10-19,East Boston,214,722,69,0,32.24,0.0,91.84,112,3.13,105.0,124.45,11.82
2019-10-19,Fenway,241,892,9,0,3.73,0.0,26.35,60,2180.51,220.0,254.5,15.02
2019-10-19,Hyde Park,42,115,6,0,14.29,0.0,36.17,32,14.89,70.5,83.95,17.69
2019-10-19,Jamaica Plain,258,987,67,0,25.97,0.0,63.08,160,6.81,121.5,169.6,10.17
2019-10-19,Leather District,1,2,0,0,0.0,0.0,6.0,1,0.97,170.0,170.0,12.0
2019-10-19,Longwood Medical Area,4,5,0,0,0.0,0.0,275.75,3,207.21,94.5,122.5,8.0
2019-10-19,Mattapan,51,155,16,0,31.37,0.0,45.53,26,9.67,67.0,75.25,15.31
2019-10-19,Mission Hill,119,620,6,0,5.04,0.0,25.34,28,301.09,239.0,283.24,16.74
2019-10-19,North End,115,532,10,0,8.7,0.0,131.58,49,0.8,170.0,205.58,8.79
2019-10-19,Roslindale,91,273,28,0,30.77,0.0,42.45,60,10.59,69.0,98.88,12.34
2019-10-19,Roxbury,245,826,32,0,13.06,0.0,57.27,110,4.93,80.0,153.88,11.62
2019-10-19,South Boston,161,683,41,0,25.47,0.0,63.51,101,3.36,179.0,236.7,11.07
2019-10-19,South Boston Waterfront,75,250,1,0,1.33,0.0,15.73,16,4012.21,250.0,310.59,20.17
2019-10-19,South End,213,684,36,0,16.9,0.0,70.53,102,2.95,175.0,246.3,9.36
2019-10-19,West End,86,329,1,0,1.16,0.0,12.16,17,306.14,246.0,263.74,16.41
2019-10-19,West Roxbury,59,211,22,0,37.29,0.0,44.86,36,12.47,75.0,116.46,13.51
2019-11-21,Allston,273,718,27,0,9.89,0.0,24.92,151,6.22,88.0,113.21,8.15
2019-11-21,Back Bay,287,957,22,0,7.67,0.0,32.05,156,2.7,200.0,277.26,9.93
2019-11-21,Bay Village,59,145,34,0,57.63,0.0,23.95,22,2183.41,125.0,188.93,20.0
2019-11-21,Beacon Hill,169,489,23,0,13.61,0.0,51.44,110,0.89,168.0,204.67,7.91
2019-11-21,Brighton,264,773,57,0,21.59,0.0,37.13,176,8.56,82.5,113.88,9.31
2019-11-21,Charlestown,123,439,39,0,31.71,0.0,37.16,90,2.45,199.0,233.42,8.72
2019-11-21,Chinatown,106,365,3,0,2.83,0.0,26.53,29,443.19,199.5,231.92,13.54
2019-11-21,Dorchester,519,1792,158,0,30.44,0.0,49.44,220,6.84,75.0,147.39,16.4
2019-11-21,Downtown,379,1355,120,0,31.66,0.0,27.9,103,2184.2,199.0,223.64,15.75
2019-11-21,East Boston,263,879,87,0,33.08,0.0,82.09,152,2.79,110.0,128.14,12.36
2019-11-21,Fenway,284,952,62,0,21.83,0.0,22.57,130,297.88,181.0,212.35,12.48
2019-11-21,Hyde Park,45,120,12,0,26.67,0.0,33.07,33,14.52,69.0,85.22,16.89
2019-11-21,Jamaica Plain,391,1462,140,0,35.81,0.0,47.43,265,6.86,110.0,174.8,9.34
2019-11-21,Leather District,4,12,1,0,25.0,0.0,5.0,4,0.97,174.5,241.0,5.5
2019-11-21,Longwood Medical Area,9,21,1,0,11.11,0.0,130.44,7,4.79,105.0,110.33,6.11
2019-11-21,Mattapan,59,177,24,0,40.68,0.0,43.42,27,9.47,67.0,81.73,19.42
2019-11-21,Mission Hill,148,636,13,0,8.78,0.0,20.09,64,296.24,199.0,234.28,13.2
2019-11-21,North End,132,474,16,0,12.12,0.0,97.65,84,0.87,179.0,203.01,7.36
2019-11-21,Roslindale,98,278,32,0,32.65,0.0,40.35,67,10.69,69.0,94.47,13.58
2019-11-21,Roxbury,305,1016,61,0,20.0,0.0,50.58,157,4.93,75.0,134.52,12.01
2019-11-21,South Boston,210,807,76,0,36.19,0.0,51.12,150,3.37,159.5,218.45,10.72
2019-11-21,South Boston Waterfront,90,289,4,0,4.44,0.0,16.39,29,4012.1,250.0,320.51,16.84
2019-11-21,South End,326,980,105,0,32.21,0.0,49.01,180,2.88,165.0,214.86,11.22
2019-11-21,West End,85,326,1,0,1.18,0.0,14.08,28,306.27,226.0,268.48,18.34
2019-11-21,West Roxbury,72,239,28,0,38.89,0.0,40.78,45,12.96,80.0,107.93,12.92
2019-12-04,Allston,124,361,29,0,23.39,0.0,23.33,37,6.07,130.5,127.65,14.77
2019-12-04,Back Bay,114,354,39,0,34.21,0.0,42.89,50,2.71,180.0,308.2,14.11
2019-12-04,Bay Village,54,128,42,0,77.78,0.0,24.98,12,2183.42,124.0,181.22,18.5
2019-12-04,Beacon Hill,77,241,38,0,49.35,0.0,69.3,37,0.95,161.0,258.71,13.12
2019-12-04,Brighton,67,239,44,0,65.67,0.0,69.51,49,8.17,125.0,139.58,11.51
2019-12-04,Charlestown,56,198,43,0,76.79,0.0,59.45,39,2.17,150.0,189.43,11.8
2019-12-04,Chinatown,25,103,3,0,12.0,0.0,32.2,8,17.51,199.0,222.96,21.76
2019-12-04,Dorchester,217,751,188,0,86.64,0.0,63.76,85,6.68,75.0,189.3,16.9
2019-12-04,Downtown,180,684,117,0,65.0,0.0,31.18,37,2184.19,150.0,190.94,15.73
2019-12-04,East Boston,113,429,93,0,82.3,0.0,93.21,66,3.02,115.0,132.04,14.43
2019-12-04,Fenway,142,475,63,0,44.37,0.0,22.95,36,2180.79,188.5,228.35,16.06
2019-12-04,Hyde Park,17,62,11,0,64.71,0.0,57.12,14,12.98,80.0,102.82,10.76
2019-12-04,Jamaica Plain,191,685,146,0,76.44,0.0,73.6,128,6.72,125.0,141.03,12.74
2019-12-04,Leather District,2,4,1,0,50.0,0.0,5.0,2,0.95,174.5,174.5,5.0
2019-12-04,Longwood Medical Area,4,14,2,0,50.0,0.0,1.25,4,1101.51,198.5,211.75,11.25
2019-12-04,Mattapan,25,71,25,0,100.0,0.0,64.36,11,9.54,57.0,60.72,12.08
2019-12-04,Mission Hill,76,367,17,0,22.37,0.0,16.39,18,2179.68,279.0,260.54,16.79
2019-12-04,North End,56,206,22,0,39.29,0.0,112.36,28,0.97,195.0,192.8,11.43
2019-12-04,Roslindale,47,129,36,0,76.6,0.0,49.81,31,10.45,69.0,92.15,14.28
2019-12-04,Roxbury,99,352,77,0,77.78,0.0,80.69,56,4.78,95.0,142.96,14.41
2019-12-04,South Boston,73,280,63,0,86.3,0.0,86.67,58,3.23,175.0,211.38,11.18
2019-12-04,South Boston Waterfront,13,41,3,0,23.08,0.0,60.69,6,302.25,145.0,195.0,25.15
2019-12-04,South End,189,580,141,0,74.6,0.0,60.94,70,22.03,160.0,179.92,14.3
2019-12-04,West End,36,125,2,0,5.56,0.0,27.5,10,301.16,177.0,213.17,23.81
2019-12-04,West Roxbury,36,113,27,0,75.0,0.0,66.36,22,12.37,62.5,107.42,15.22
2019-12-05,Dorchester,1,6,1,0,100.0,0.0,86.0,1,2183.02,100.0,100.0,22.0
2019-12-05,Hyde Park,1,2,1,0,100.0,0.0,77.0,1,28.94,72.0,72.0,0.0
2020-01-05,Allston,134,379,36,0,26.87,0.0,28.0,40,6.07,104.5,124.72,13.88
2020-01-05,Back Bay,116,371,43,0,37.07,0.0,46.49,50,2.65,195.0,312.81,13.67
2020-01-05,Bay Village,61,140,49,0,80.33,0.0,23.97,12,2183.43,121.0,174.26,13.36
2020-01-05,Beacon Hill,89,272,39,0,43.82,0.0,68.58,40,0.93,162.0,244.36,12.11
2020-01-05,Brighton,80,285,52,0,65.0,0.0,60.65,48,8.32,117.0,140.93,12.48
2020-01-05,Charlestown,58,208,47,0,81.03,0.0,58.29,38,2.47,162.5,196.71,13.03
2020-01-05,Chinatown,30,125,4,0,13.33,0.0,36.57,10,164.01,202.5,252.83,19.4
2020-01-05,Dorchester,261,915,234,0,89.66,0.0,66.73,100,6.66,72.0,174.95,19.13
2020-01-05,Downtown,138,506,62,0,44.93,0.0,36.87,40,21.99,156.0,186.8,15.61
2020-01-05,East Boston,132,495,112,0,84.85,0.0,88.15,79,3.11,110.0,128.68,16.21
2020-01-05,Fenway,139,459,63,0,45.32,0.0,22.29,34,2180.77,179.0,218.95,14.01
2020-01-05,Hyde Park,18,58,14,0,77.78,0.0,60.83,16,12.65,77.5,98.22,12.44
2020-01-05,Jamaica Plain,205,739,162,0,79.02,0.0,71.38,132,6.79,120.0,142.79,14.94
2020-01-05,Leather District,2,4,1,0,50.0,0.0,6.0,2,0.95,174.5,174.5,14.0
2020-01-05,Longwood Medical Area,4,14,2,0,50.0,0.0,1.25,4,1101.51,198.5,211.75,12.5
2020-01-05,Mattapan,32,92,32,0,100.0,0.0,54.38,14,9.47,54.5,70.47,15.88
2020-01-05,Mission Hill,90,443,20,0,22.22,0.0,16.12,19,2179.69,279.0,269.0,17.04
2020-01-05,North End,56,201,25,0,44.64,0.0,111.77,31,0.97,195.0,195.71,14.77
2020-01-05,Roslindale,50,147,39,0,78.0,0.0,48.22,32,10.5,72.5,94.72,18.46
2020-01-05,Roxbury,131,425,110,0,83.97,0.0,67.73,68,5.09,80.0,125.1,16.21
2020-01-05,South Boston,92,333,82,0,89.13,0.0,69.64,70,3.2,159.0,207.04,13.4
2020-01-05,South Boston Waterfront,12,32,4,0,33.33,0.0,69.5,6,154.21,143.0,165.58,17.17
2020-01-05,South End,159,427,112,0,70.44,0.0,69.52,67,2.8,150.0,172.91,10.04
2020-01-05,West End,45,170,2,0,4.44,0.0,17.33,8,301.29,249.0,267.98,18.02
2020-01-05,West Roxbury,34,111,28,0,82.35,0.0,68.76,23,12.28,70.0,115.79,12.68
2020-01-17,South Boston,2,14,2,0,100.0,0.0,60.5,2,15.68,384.5,384.5,9.5
2020-02-13,Allston,130,396,36,0,27.69,0.0,33.98,40,6.03,130.5,132.0,13.42
2020-02-13,Back Bay,129,391,52,0,40.31,0.0,49.17,51,2.65,185.0,887.25,15.01
2020-02-13,Bay Village,61,140,50,0,81.97,0.0,26.72,13,2183.43,121.0,175.9,17.93
2020-02-13,Beacon Hill,95,283,44,0,46.32,0.0,75.01,40,0.95,168.0,240.58,12.19
2020-02-13,Brighton,86,296,55,0,63.95,0.0,59.84,49,8.42,100.0,133.91,11.88
2020-02-13,Charlestown,68,245,58,0,85.29,0.0,54.28,43,2.2,190.0,214.07,10.44
2020-02-13,Chinatown,31,128,3,0,9.68,0.0,41.87,10,300.86,199.0,236.23,18.35
2020-02-13,Dorchester,290,1063,254,0,87.59,0.0,64.28,109,6.62,75.0,179.7,17.58
2020-02-13,Downtown,146,536,62,0,42.47,0.0,32.75,36,3.9,156.5,331.51,16.79
2020-02-13,East Boston,134,504,112,0,83.58,0.0,100.07,77,3.03,110.0,130.07,12.34
2020-02-13,Fenway,136,451,63,0,46.32,0.0,20.51,32,2180.8,184.0,235.87,14.43
2020-02-13,Hyde Park,18,50,15,0,83.33,0.0,48.33,14,13.84,70.0,89.06,11.5
2020-02-13,Jamaica Plain,207,763,170,0,82.13,0.0,71.21,130,6.85,122.0,154.26,15.09
2020-02-13,Leather District,1,2,1,0,100.0,0.0,10.0,1,0.97,170.0,170.0,12.0
2020-02-13,Longwood Medical Area,4,11,2,0,50.0,0.0,1.25,3,1092.68,224.0,249.0,23.5
2020-02-13,Mattapan,38,121,38,0,100.0,0.0,51.03,17,9.53,68.5,76.87,12.82
2020-02-13,Mission Hill,96,503,21,0,21.88,0.0,17.31,20,2179.69,279.0,300.2,15.52
2020-02-13,North End,60,209,25,0,41.67,0.0,103.65,32,0.95,192.5,190.47,13.63
2020-02-13,Roslindale,52,155,43,0,82.69,0.0,50.15,35,10.48,72.5,99.58,14.4
2020-02-13,Roxbury,154,553,124,0,80.52,0.0,66.5,75,5.0,90.5,146.72,14.17
2020-02-13,South Boston,103,404,93,0,90.29,0.0,63.77,71,3.18,150.0,229.37,12.42
2020-02-13,South Boston Waterfront,11,30,3,0,27.27,0.0,74.73,5,302.22,141.0,157.91,17.64
2020-02-13,South End,160,441,115,0,71.88,0.0,76.09,62,2.8,150.0,179.29,11.98
2020-02-13,West End,44,168,2,0,4.55,0.0,13.45,8,2021.82,249.0,269.43,16.61
2020-02-13,West Roxbury,34,118,29,0,85.29,0.0,69.85,23,12.24,74.5,128.12,12.47
